	18S_1.EEC08	18S_1.EEC14	18S_1.EEC18	18S_1.EEC21	18S_1.EEC23	18S_1.EEC30	18S_2.EEC31	18S_2.EEC32	18S_2.EEC34	18S_2.EEC39	18S_2.EEC43	18S_2.EEC44	18S_2.EEC46	18S_2.EEC50	18S_2.EEC53
ASV 1 _	0	296	3745	231	10959	0	8936	139	490	0	10707	831	1506	4199	164
ASV 2 _	1089	26	0	100	0	32	202	6002	99	0	2454	3224	8803	477	2661
ASV 3 _	424	777	4141	210	85	468	5024	7981	0	671	243	1546	0	3257	3
ASV 4 _	5446	0	643	3672	0	3611	143	0	0	0	726	563	758	36	753
ASV 5 _	1311	0	3031	488	974	60	10	3894	0	607	126	0	59	457	10
ASV 6 _	0	0	0	7	0	0	4	423	1190	3	0	10	0	261	5690
ASV 7 _	367	473	408	1569	0	691	114	351	0	1854	50	137	38	15	371
ASV 8 _	0	143	0	258	120	28	412	46	1	0	0	846	0	4380	21
ASV 9 _	0	0	0	62	0	0	0	0	145	0	0	0	4027	0	5
ASV 10 _	81	391	0	35	0	16	109	28	1135	1623	73	0	93	471	148
ASV 11 _	0	137	0	0	155	19	51	0	3052	0	0	0	0	6	0
ASV 12 _	437	800	0	249	0	1045	0	0	0	149	0	7	599	2	0
ASV 13 _	0	14	0	7	2629	527	54	9	0	0	0	2	0	32	6
ASV 14 _	380	70	0	523	0	157	0	16	206	558	27	63	0	17	844
ASV 15 _	988	531	0	171	40	665	31	0	0	186	0	30	0	141	43
ASV 16 _	85	170	0	1928	0	404	0	0	0	237	0	2	0	0	0
ASV 17 _	788	451	0	116	0	21	0	8	318	209	61	99	0	36	669
ASV 18 _	0	0	0	0	0	0	5	55	0	0	13	137	2426	8	81
ASV 19 _	0	266	825	322	15	5	8	15	0	79	21	20	883	46	51
ASV 20 _	268	0	0	0	87	1926	12	0	0	0	12	0	0	0	0
ASV 21 _	0	0	0	127	0	0	0	0	0	2083	0	0	0	0	0
ASV 22 _	177	58	206	0	172	86	635	70	0	65	57	202	0	190	195
ASV 23 _	757	34	0	0	0	44	129	0	0	0	390	5	0	137	432
ASV 24 _	230	18	0	733	0	438	0	0	0	400	0	0	0	0	0
ASV 25 _	284	282	0	643	0	545	0	0	0	24	0	0	0	0	0
ASV 26 _	83	212	144	1121	11	41	66	0	0	17	0	15	42	20	6
ASV 27 _	0	0	398	0	0	0	5	0	0	0	1298	4	0	44	0
ASV 28 _	119	19	0	12	0	221	52	6	145	14	42	124	0	645	328
ASV 29 _	0	0	934	8	0	0	0	0	0	0	732	8	0	11	0
ASV 30 _	430	0	0	0	0	251	0	0	0	979	0	0	0	0	0
ASV 31 _	19	0	0	0	0	1098	118	27	226	0	0	62	0	76	9
ASV 32 _	28	233	0	410	30	169	162	52	0	72	47	258	0	111	2
ASV 33 _	0	297	0	107	0	57	132	241	0	99	0	298	0	173	154
ASV 34 _	6	0	283	0	119	0	0	1108	0	0	2	4	0	11	0
ASV 35 _	150	28	93	107	0	89	157	120	0	560	0	108	0	50	37
ASV 36 _	0	0	0	255	0	0	0	0	1130	0	0	3	0	0	0
ASV 37 _	66	106	0	745	0	286	0	0	0	162	0	0	0	0	0
ASV 38 _	0	74	0	1241	0	0	0	0	0	0	0	0	2	0	6
ASV 39 _	25	180	0	47	0	7	2	40	405	17	2	139	0	161	277
ASV 40 _	0	0	0	0	0	0	0	0	1262	0	0	0	0	0	0
ASV 41 _	93	117	128	151	81	352	9	9	90	8	0	7	0	0	155
ASV 42 _	349	0	0	0	41	610	0	0	0	30	0	14	0	49	10
ASV 43 _	30	73	205	33	20	13	35	105	0	1	0	115	0	275	175
ASV 44 _	394	2	103	0	368	109	5	0	0	45	0	4	0	12	0
ASV 45 _	149	0	0	28	17	140	32	167	0	44	22	92	0	325	7
ASV 46 _	130	53	0	206	0	147	62	83	0	294	0	32	0	0	15
ASV 47 _	169	23	0	74	0	10	0	709	0	11	0	0	0	0	6
ASV 48 _	0	0	0	10	0	0	0	0	0	0	14	0	954	0	0
ASV 49 _	0	37	0	15	0	0	0	63	164	20	45	200	27	17	349
ASV 50 _	0	895	0	0	0	0	0	0	0	0	0	0	0	0	0
ASV 51 _	94	0	0	0	491	29	94	0	155	0	0	6	0	18	0
ASV 52 _	60	0	0	3	0	59	242	149	0	21	0	60	0	227	66
ASV 53 _	107	45	0	9	0	38	0	38	100	11	0	0	0	344	179
ASV 54 _	0	0	0	23	0	0	0	625	214	4	0	0	0	0	0
ASV 55 _	0	340	0	362	0	0	0	45	0	23	0	50	0	0	22
ASV 56 _	137	0	0	12	0	690	0	0	0	0	0	0	0	0	0
ASV 57 _	18	66	404	39	0	1	20	23	0	43	0	1	0	105	99
ASV 58 _	81	198	0	0	53	23	0	0	422	16	0	7	6	0	0
ASV 59 _	5	31	0	0	0	12	76	0	0	5	16	657	0	1	0
ASV 60 _	0	0	0	0	0	0	0	0	0	0	0	776	0	19	0
ASV 61 _	0	20	0	25	0	0	234	312	0	14	0	32	0	146	0
ASV 62 _	21	55	0	122	0	25	0	360	0	66	0	49	0	8	1
ASV 63 _	0	0	0	0	0	0	0	0	0	0	0	9	0	5	681
ASV 64 _	0	0	122	0	45	0	184	10	0	0	191	20	29	78	0
ASV 65 _	13	10	0	472	0	51	0	0	0	126	0	0	0	0	0
ASV 66 _	0	12	0	0	0	0	52	134	0	3	9	56	0	75	328
ASV 67 _	0	0	0	0	0	0	0	0	0	663	0	0	0	0	0
ASV 68 _	0	126	0	423	0	0	0	0	0	111	0	0	0	0	0
ASV 69 _	0	0	0	0	0	0	31	77	0	0	0	397	55	45	0
ASV 70 _	23	3	0	297	0	0	0	0	0	270	0	0	0	0	0
ASV 71 _	71	115	0	42	0	181	6	33	0	73	0	20	0	26	19
ASV 72 _	15	55	0	397	0	0	0	0	0	11	0	2	105	0	0
ASV 73 _	0	0	0	533	0	0	0	0	0	51	0	0	0	0	0
ASV 74 _	0	87	0	0	0	13	0	0	0	0	5	4	420	42	4
ASV 75 _	0	194	0	28	0	0	0	239	0	51	0	26	0	0	32
ASV 76 _	465	5	0	0	34	24	0	9	0	0	27	0	0	4	0
ASV 77 _	0	52	0	514	0	0	0	0	0	1	0	0	0	0	0
ASV 78 _	0	0	0	0	0	0	0	13	0	0	0	1	0	542	1
ASV 79 _	534	0	0	0	0	17	0	0	0	0	0	0	0	0	0
ASV 80 _	82	0	0	169	0	108	0	72	0	117	0	0	0	0	1
ASV 81 _	107	0	226	87	10	36	0	0	0	77	0	5	0	0	0
ASV 82 _	0	0	0	0	31	0	46	0	0	0	30	0	0	401	10
ASV 83 _	36	0	0	29	0	38	43	41	0	155	0	43	0	123	0
ASV 84 _	228	23	0	22	0	64	0	0	0	0	0	0	12	83	74
ASV 85 _	94	15	5	12	0	199	7	5	10	0	0	7	67	80	0
ASV 86 _	42	0	199	19	0	3	0	0	0	42	0	9	0	21	142
ASV 87 _	13	0	0	0	0	0	148	21	0	244	0	1	0	29	5
ASV 88 _	43	22	0	11	0	26	0	25	195	38	0	92	0	0	1
ASV 89 _	0	4	111	0	0	83	6	12	0	7	10	18	0	179	14
ASV 90 _	0	0	265	7	0	0	3	101	0	0	0	28	0	11	24
ASV 91 _	0	0	0	0	99	243	3	0	0	0	0	21	0	70	0
ASV 92 _	165	146	0	64	0	0	9	0	0	0	0	48	0	0	0
ASV 93 _	0	17	0	29	0	0	0	0	380	0	0	0	0	0	0
ASV 94 _	0	0	0	0	0	0	0	0	0	0	0	0	420	0	0
ASV 95 _	0	0	0	397	0	0	0	0	0	0	0	1	0	7	0
ASV 96 _	57	204	0	77	0	23	0	13	0	27	0	0	0	3	0
ASV 97 _	140	0	0	0	0	245	14	0	0	0	0	0	0	0	0
ASV 98 _	8	0	255	92	0	0	0	3	0	8	4	15	14	0	0
ASV 99 _	0	0	0	26	0	19	0	0	176	11	0	0	166	0	0
ASV 100 _	0	0	0	0	0	0	0	0	0	396	0	0	0	0	0
ASV 101 _	26	74	0	29	0	56	12	111	0	15	17	0	0	17	29
ASV 102 _	34	78	0	102	56	22	6	21	0	58	0	3	0	0	3
ASV 103 _	31	11	0	0	37	80	6	0	101	40	0	0	9	67	0
ASV 104 _	0	64	0	0	0	9	0	0	302	0	0	0	0	0	0
ASV 105 _	90	25	0	55	0	5	0	0	0	175	0	23	0	0	0
ASV 106 _	135	0	0	21	0	105	0	0	0	111	0	0	0	0	0
ASV 107 _	0	0	250	0	57	0	33	0	0	0	19	2	0	6	3
ASV 108 _	0	0	0	0	0	0	0	0	0	0	18	17	324	0	9
ASV 109 _	120	5	0	0	111	1	0	0	116	6	7	1	0	0	0
ASV 110 _	103	0	189	0	0	0	0	7	0	0	0	5	0	2	55
ASV 111 _	23	34	0	71	103	0	38	21	0	0	16	0	0	18	37
ASV 112 _	0	8	0	30	0	0	0	124	125	36	0	35	0	0	0
ASV 113 _	0	120	0	18	0	14	0	0	167	38	0	0	0	0	0
ASV 114 _	113	0	0	7	0	35	10	95	0	29	16	44	0	7	0
ASV 115 _	0	0	5	0	0	16	93	94	0	46	0	6	8	3	84
ASV 116 _	0	0	0	0	0	0	0	0	0	0	0	0	297	0	56
ASV 117 _	0	0	0	0	0	20	319	5	0	0	0	4	0	0	1
ASV 118 _	0	49	0	14	0	0	0	6	242	0	0	20	0	0	17
ASV 119 _	0	61	0	193	0	0	0	0	0	77	0	0	0	7	6
ASV 120 _	321	0	0	0	0	15	0	0	0	3	0	0	0	0	0
ASV 121 _	47	11	0	49	0	8	0	0	202	0	0	0	0	0	20
ASV 122 _	7	0	0	0	0	89	17	0	0	24	0	8	0	191	0
ASV 123 _	0	40	60	0	0	0	66	28	0	0	67	57	0	17	0
ASV 124 _	20	13	0	235	0	39	0	0	0	0	0	7	0	0	20
ASV 125 _	0	0	0	5	0	0	0	124	81	38	0	2	26	22	32
ASV 126 _	6	0	0	245	0	73	0	0	0	0	0	0	0	0	5
ASV 127 _	13	0	0	0	0	0	0	291	0	15	0	0	0	3	4
ASV 128 _	152	0	0	0	0	141	0	3	0	26	0	0	0	0	0
ASV 129 _	0	53	130	14	0	20	0	0	0	43	0	2	52	0	0
ASV 130 _	0	0	49	17	139	0	40	0	0	0	43	2	0	19	2
ASV 131 _	10	46	0	0	40	37	0	45	0	53	0	12	0	37	26
ASV 132 _	0	0	0	0	0	0	0	169	0	0	0	107	0	3	24
ASV 133 _	0	0	0	0	0	0	0	11	118	27	0	0	0	139	7
ASV 134 _	0	47	0	66	0	0	0	0	0	9	136	0	0	0	42
ASV 135 _	0	0	80	0	0	1	0	147	0	0	0	5	0	65	0
ASV 136 _	0	0	0	0	0	0	20	9	0	0	0	2	0	267	0
ASV 137 _	0	0	0	0	0	0	0	261	0	5	0	0	24	0	6
ASV 138 _	0	0	0	0	0	0	7	0	272	9	0	0	7	0	0
ASV 139 _	0	0	0	0	0	0	0	0	293	0	0	0	0	0	0
ASV 140 _	46	0	0	137	0	78	0	0	0	31	0	0	0	0	0
ASV 141 _	0	0	0	0	0	0	0	0	292	0	0	0	0	0	0
ASV 142 _	122	0	0	0	0	168	0	0	0	1	0	0	0	0	0
ASV 143 _	5	3	97	22	0	5	16	15	0	0	0	13	0	70	45
ASV 144 _	0	0	0	0	0	6	0	255	0	0	0	14	0	13	0
ASV 145 _	92	0	0	16	0	136	0	3	39	0	0	0	0	0	0
ASV 146 _	0	0	0	0	0	36	0	0	0	48	129	0	67	0	0
ASV 147 _	35	94	0	24	0	36	0	2	0	79	0	3	0	0	4
ASV 148 _	20	13	0	13	0	8	0	87	0	56	0	0	0	43	35
ASV 149 _	22	0	236	0	0	16	0	0	0	0	0	0	0	0	0
ASV 150 _	17	63	109	35	0	15	0	0	0	32	0	2	0	0	0
ASV 151 _	0	0	0	0	0	0	0	0	0	0	0	0	0	0	271
ASV 152 _	0	0	0	0	0	0	0	0	0	0	0	0	268	0	0
ASV 153 _	0	0	0	0	82	0	98	0	0	0	24	15	0	42	6
ASV 154 _	2	21	0	131	0	0	0	14	0	90	0	8	0	0	0
ASV 155 _	0	0	0	167	0	0	0	0	0	99	0	0	0	0	0
ASV 156 _	121	0	0	0	0	70	4	15	0	4	26	4	0	20	0
ASV 157 _	0	0	0	0	0	0	0	0	0	0	0	0	260	0	0
ASV 158 _	7	165	0	51	0	0	0	0	0	28	0	0	0	0	0
ASV 159 _	0	0	0	0	0	0	0	105	81	4	0	9	0	0	43
ASV 160 _	240	0	0	0	0	0	0	0	0	0	0	0	0	0	0
ASV 161 _	67	0	0	111	0	31	0	0	0	29	0	0	0	2	0
ASV 162 _	0	0	104	0	0	10	17	28	0	0	34	14	33	0	0
ASV 163 _	15	68	0	5	0	0	34	26	0	13	0	74	0	3	0
ASV 164 _	33	35	0	145	0	0	0	0	0	24	0	0	0	0	0
ASV 165 _	36	28	0	126	0	4	0	9	0	0	0	1	20	8	0
ASV 166 _	40	50	0	11	0	1	0	0	0	127	0	0	0	0	0
ASV 167 _	0	0	110	0	0	0	0	61	0	0	19	8	0	29	0
ASV 168 _	0	0	0	0	0	0	0	0	226	0	0	0	0	0	0
ASV 169 _	11	0	0	55	0	0	22	22	0	13	0	0	0	99	3
ASV 170 _	0	0	0	0	0	0	0	0	0	0	0	0	0	0	225
ASV 171 _	0	99	0	117	0	0	0	0	0	7	0	0	0	0	0
ASV 172 _	0	0	0	0	0	0	8	165	0	0	0	0	0	50	0
ASV 173 _	0	0	123	0	0	48	42	0	0	0	0	8	0	0	0
ASV 174 _	53	18	0	66	0	30	0	15	0	36	0	0	0	0	0
ASV 175 _	0	0	0	217	0	0	0	0	0	0	0	0	0	0	0
ASV 176 _	0	0	0	97	0	10	0	8	0	93	0	0	0	0	0
ASV 177 _	59	18	0	0	0	104	0	7	0	0	0	0	0	0	19
ASV 178 _	63	0	0	0	0	143	0	0	0	0	0	0	0	0	0
ASV 179 _	0	0	0	0	0	0	0	0	204	0	0	0	0	0	0
ASV 180 _	0	8	0	14	53	0	4	0	0	27	18	0	0	37	40
ASV 181 _	0	0	0	163	0	0	0	0	0	38	0	0	0	0	0
ASV 182 _	70	0	0	0	0	71	4	0	0	55	0	0	0	0	0
ASV 183 _	0	153	0	0	0	0	0	0	0	0	0	0	0	0	47
ASV 184 _	0	140	0	0	0	0	4	11	0	0	0	4	0	0	41
ASV 185 _	0	89	0	44	0	0	0	0	0	67	0	0	0	0	0
ASV 186 _	121	0	0	33	0	10	0	0	0	10	0	0	18	0	0
ASV 187 _	19	12	0	55	0	43	0	0	0	63	0	0	0	0	0
ASV 188 _	0	0	86	0	102	0	0	0	0	0	0	0	0	0	0
ASV 189 _	20	61	0	0	0	0	0	0	0	105	0	0	0	0	0
ASV 190 _	0	73	0	51	0	0	0	36	0	16	0	5	0	0	5
ASV 191 _	0	0	0	0	0	0	0	0	167	0	16	0	0	3	0
ASV 192 _	0	0	0	184	0	0	0	0	0	0	0	0	0	0	0
ASV 193 _	6	0	0	0	0	96	0	59	0	0	0	19	0	0	3
ASV 194 _	0	25	0	98	0	13	0	21	0	15	0	1	0	0	10
ASV 195 _	0	0	0	0	79	0	39	0	0	0	12	6	8	37	2
ASV 196 _	0	0	0	0	26	88	9	0	0	0	0	35	21	0	2
ASV 197 _	19	93	0	0	0	3	0	0	0	65	0	0	0	0	0
ASV 198 _	0	33	0	0	0	0	0	0	0	0	0	0	0	0	147
ASV 199 _	0	0	0	0	0	0	0	0	0	0	0	180	0	0	0
ASV 200 _	67	7	0	43	0	17	0	0	0	43	0	0	0	0	0
ASV 201 _	26	119	0	0	0	0	0	0	0	32	0	0	0	0	0
ASV 202 _	0	0	0	0	0	0	0	0	177	0	0	0	0	0	0
ASV 203 _	8	0	0	37	0	0	0	0	0	131	0	0	0	0	0
ASV 204 _	29	9	0	0	0	61	0	0	70	7	0	0	0	0	0
ASV 205 _	68	0	0	8	0	0	0	0	0	92	0	0	4	0	0
ASV 206 _	4	37	0	31	0	0	0	0	0	44	0	8	0	0	47
ASV 207 _	60	0	0	0	26	68	0	10	0	0	6	0	0	0	0
ASV 208 _	20	24	0	52	0	0	0	0	0	74	0	0	0	0	0
ASV 209 _	0	0	0	0	0	0	8	143	0	0	0	0	0	12	7
ASV 210 _	76	0	0	0	0	79	0	0	0	7	0	0	0	0	7
ASV 211 _	0	0	0	0	168	0	0	0	0	0	0	0	0	0	0
ASV 212 _	0	61	0	0	0	13	0	0	0	93	0	0	0	0	0
ASV 213 _	0	0	0	0	0	0	0	0	0	0	0	167	0	0	0
ASV 214 _	0	57	0	0	0	6	0	82	0	2	14	2	0	0	2
ASV 215 _	0	0	112	0	0	0	19	0	0	0	0	4	0	30	0
ASV 216 _	6	69	0	84	0	0	5	0	0	0	0	0	0	0	0
ASV 217 _	5	0	146	0	0	11	0	0	0	0	0	0	0	0	1
ASV 218 _	5	0	0	0	0	75	44	0	0	20	0	17	0	0	0
ASV 219 _	56	19	0	59	0	12	0	0	0	12	0	2	0	0	0
ASV 220 _	0	13	0	0	0	0	0	0	95	0	0	0	52	0	0
ASV 221 _	0	0	0	0	0	16	0	18	0	0	22	14	0	81	9
ASV 222 _	0	0	0	0	0	0	133	14	0	0	0	12	0	0	0
ASV 223 _	0	22	0	136	0	0	0	0	0	0	0	0	0	0	0
ASV 224 _	0	0	0	0	0	0	103	32	0	0	9	6	0	8	0
ASV 225 _	0	0	0	0	0	0	3	0	0	0	5	0	0	137	13
ASV 226 _	0	0	0	0	0	0	0	0	0	0	0	0	0	157	0
ASV 227 _	0	0	156	0	0	0	0	0	0	0	0	0	0	0	0
ASV 228 _	22	49	0	57	0	0	0	0	0	0	0	6	0	0	21
ASV 229 _	0	0	0	15	0	0	0	0	131	0	0	0	0	0	9
ASV 230 _	73	0	0	11	0	50	0	0	0	0	0	0	19	0	0
ASV 231 _	0	0	0	16	0	0	0	0	107	0	0	1	15	14	0
ASV 232 _	142	0	0	0	0	10	0	0	0	0	0	0	0	0	0
ASV 233 _	30	6	0	30	0	27	6	0	0	27	0	0	0	15	9
ASV 234 _	19	94	0	35	0	0	0	0	0	0	0	0	0	0	0
ASV 235 _	0	57	0	60	0	0	0	1	0	30	0	0	0	0	0
ASV 236 _	0	18	0	0	0	0	0	62	0	0	0	22	0	2	44
ASV 237 _	0	0	148	0	0	0	0	0	0	0	0	0	0	0	0
ASV 238 _	20	0	0	0	0	0	0	0	0	0	125	0	0	0	0
ASV 239 _	13	0	0	79	0	11	0	29	0	12	0	0	0	0	0
ASV 240 _	0	39	0	21	0	0	12	0	0	2	0	5	0	0	65
ASV 241 _	0	5	0	123	0	0	0	0	0	15	0	0	0	0	0
ASV 242 _	0	0	143	0	0	0	0	0	0	0	0	0	0	0	0
ASV 243 _	16	0	0	8	0	0	0	51	0	6	0	24	0	20	15
ASV 244 _	0	54	1	41	31	0	0	0	0	11	0	2	0	0	0
ASV 245 _	0	0	0	0	0	0	0	0	0	0	0	0	0	0	140
ASV 246 _	0	0	0	139	0	0	0	0	0	0	0	0	0	0	0
ASV 247 _	0	0	0	110	0	0	0	0	0	29	0	0	0	0	0
ASV 248 _	110	0	0	0	0	22	0	0	0	6	0	0	0	0	0
ASV 249 _	0	18	0	30	0	26	0	0	0	63	0	0	0	0	1
ASV 250 _	0	0	0	0	0	0	0	0	138	0	0	0	0	0	0
ASV 251 _	18	119	0	0	0	0	0	0	0	0	0	0	0	0	0
ASV 252 _	0	34	0	100	0	0	0	0	0	2	0	0	0	0	0
ASV 253 _	0	25	0	111	0	0	0	0	0	0	0	0	0	0	0
ASV 254 _	99	0	0	0	0	36	0	0	0	0	0	0	0	0	0
ASV 255 _	39	9	0	0	0	0	0	0	0	0	0	0	0	0	85
ASV 256 _	0	0	0	0	0	0	0	0	0	133	0	0	0	0	0
ASV 257 _	0	41	0	9	0	33	0	0	0	49	0	0	0	0	0
ASV 258 _	0	51	0	16	0	0	0	0	0	9	0	0	46	0	9
ASV 259 _	0	18	0	34	0	13	0	0	0	28	0	8	0	18	12
ASV 260 _	0	68	0	34	0	0	0	0	0	28	0	0	0	0	0
ASV 261 _	0	70	0	0	0	0	0	0	0	0	0	0	0	0	60
ASV 262 _	0	64	0	20	0	0	0	0	0	44	0	0	0	0	0
ASV 263 _	0	0	127	0	0	0	0	0	0	0	0	0	0	0	0
ASV 264 _	0	0	0	0	0	108	6	7	0	0	0	4	0	2	0
ASV 265 _	0	0	0	0	0	0	0	89	38	0	0	0	0	0	0
ASV 266 _	0	0	0	0	0	0	0	0	0	125	0	0	0	0	0
ASV 267 _	0	50	0	69	0	0	0	0	0	4	0	0	0	0	0
ASV 268 _	0	121	0	0	0	0	0	0	0	0	0	0	0	0	0
ASV 269 _	0	0	0	0	0	121	0	0	0	0	0	0	0	0	0
ASV 270 _	0	0	0	0	0	0	0	0	0	121	0	0	0	0	0
ASV 271 _	0	13	0	0	0	0	0	0	105	0	0	0	0	0	0
ASV 272 _	0	15	0	18	0	0	0	22	0	13	0	0	0	0	50
ASV 273 _	0	0	0	0	74	0	12	0	0	0	11	4	0	17	0
ASV 274 _	0	37	0	0	0	0	0	8	0	56	0	3	0	12	1
ASV 275 _	0	0	0	0	0	0	0	0	0	0	0	117	0	0	0
ASV 276 _	0	89	0	0	0	0	0	0	0	27	0	0	0	0	0
ASV 277 _	0	7	0	31	0	22	0	45	0	5	0	0	0	0	5
ASV 278 _	8	2	0	9	0	19	8	0	0	0	0	0	0	53	15
ASV 279 _	0	8	0	88	0	6	0	7	0	5	0	0	0	0	0
ASV 280 _	17	0	0	57	0	0	0	0	0	37	0	0	0	0	0
ASV 281 _	0	0	111	0	0	0	0	0	0	0	0	0	0	0	0
ASV 282 _	0	0	0	0	111	0	0	0	0	0	0	0	0	0	0
ASV 283 _	0	0	46	0	39	8	17	0	0	0	0	0	0	0	0
ASV 284 _	0	0	0	0	27	0	18	0	0	0	0	23	0	42	0
ASV 285 _	0	90	0	7	0	0	0	0	0	11	0	0	0	0	0
ASV 286 _	0	22	0	17	0	11	0	0	0	56	0	1	0	0	0
ASV 287 _	0	38	0	42	0	0	0	0	0	12	8	0	0	2	5
ASV 288 _	0	0	0	0	0	0	0	0	107	0	0	0	0	0	0
ASV 289 _	29	0	0	6	0	10	0	6	0	0	0	55	0	0	0
ASV 290 _	0	0	0	0	0	0	0	0	0	106	0	0	0	0	0
ASV 291 _	0	0	105	0	0	0	0	0	0	0	0	0	0	0	0
ASV 292 _	6	70	0	0	0	0	0	0	0	0	0	0	27	0	0
ASV 293 _	0	54	0	23	0	0	0	0	0	6	0	0	19	0	0
ASV 294 _	0	33	0	0	44	0	0	0	0	0	6	19	0	0	0
ASV 295 _	0	0	0	0	0	0	19	17	0	0	55	10	0	0	0
ASV 296 _	0	6	0	0	0	0	15	16	51	0	0	0	0	8	4
ASV 297 _	0	0	100	0	0	0	0	0	0	0	0	0	0	0	0
ASV 298 _	0	0	0	100	0	0	0	0	0	0	0	0	0	0	0
ASV 299 _	0	0	0	0	25	0	0	23	0	0	0	0	0	52	0
ASV 300 _	0	0	0	0	0	0	0	0	100	0	0	0	0	0	0
ASV 301 _	0	0	0	0	54	0	20	0	0	0	4	0	0	21	0
ASV 302 _	0	0	0	0	0	0	0	0	99	0	0	0	0	0	0
ASV 303 _	0	0	0	0	0	0	0	98	0	0	0	0	0	0	0
ASV 304 _	0	0	0	0	0	0	0	0	0	98	0	0	0	0	0
ASV 305 _	0	9	0	0	0	0	0	11	0	47	0	1	0	0	29
ASV 306 _	0	0	0	5	0	0	0	25	0	0	0	0	0	0	67
ASV 307 _	0	0	0	0	0	0	0	0	97	0	0	0	0	0	0
ASV 308 _	0	0	0	0	0	0	0	0	0	97	0	0	0	0	0
ASV 309 _	0	0	0	0	0	0	0	0	0	0	0	0	0	0	97
ASV 310 _	0	0	95	0	0	0	0	0	0	0	0	0	0	0	0
ASV 311 _	0	78	0	10	0	0	0	0	0	6	0	0	0	0	0
ASV 312 _	0	0	0	0	0	94	0	0	0	0	0	0	0	0	0
ASV 313 _	36	0	0	0	0	45	0	0	0	12	0	0	0	0	0
ASV 314 _	4	32	0	57	0	0	0	0	0	0	0	0	0	0	0
ASV 315 _	7	0	0	24	38	11	0	0	0	7	0	6	0	0	0
ASV 316 _	0	0	0	0	0	0	0	74	0	0	0	1	0	0	18
ASV 317 _	0	0	0	0	0	0	0	0	93	0	0	0	0	0	0
ASV 318 _	0	0	0	0	0	0	0	0	93	0	0	0	0	0	0
ASV 319 _	7	7	0	0	0	0	0	32	0	33	0	7	0	0	5
ASV 320 _	17	0	0	49	0	0	0	22	0	1	0	0	0	1	0
ASV 321 _	14	0	0	0	0	30	0	17	0	29	0	0	0	0	0
ASV 322 _	0	0	0	68	0	0	0	0	0	0	0	4	0	3	15
ASV 323 _	0	0	0	0	90	0	0	0	0	0	0	0	0	0	0
ASV 324 _	0	77	0	0	0	0	0	0	0	10	0	0	0	0	2
ASV 325 _	0	0	89	0	0	0	0	0	0	0	0	0	0	0	0
ASV 326 _	0	0	0	0	0	0	51	0	0	0	0	11	0	26	0
ASV 327 _	0	87	0	0	0	0	0	0	0	0	0	0	0	0	0
ASV 328 _	0	12	0	0	0	0	0	21	0	36	0	0	0	6	12
ASV 329 _	0	0	0	26	0	5	0	0	0	13	0	0	0	43	0
ASV 330 _	0	0	0	0	0	5	0	0	82	0	0	0	0	0	0
ASV 331 _	86	0	0	0	0	0	0	0	0	0	0	0	0	0	0
ASV 332 _	18	0	0	0	0	0	0	45	0	5	0	7	0	0	11
ASV 333 _	0	0	0	0	76	0	7	3	0	0	0	0	0	0	0
ASV 334 _	0	14	0	62	0	0	0	0	0	9	0	0	0	0	0
ASV 335 _	0	3	0	0	0	0	0	0	0	0	0	0	82	0	0
ASV 336 _	0	10	0	23	0	21	15	0	0	6	0	0	0	7	3
ASV 337 _	0	0	0	0	50	0	8	0	0	0	27	0	0	0	0
ASV 338 _	0	0	0	0	31	0	35	0	0	0	19	0	0	0	0
ASV 339 _	52	7	0	24	0	0	0	0	0	0	0	0	0	0	0
ASV 340 _	27	18	0	0	0	0	0	0	0	0	0	0	0	0	38
ASV 341 _	3	0	0	61	0	0	0	12	0	4	0	3	0	0	0
ASV 342 _	0	32	0	0	0	0	0	24	0	27	0	0	0	0	0
ASV 343 _	47	16	0	0	0	0	0	0	0	19	0	0	0	0	0
ASV 344 _	0	32	0	21	0	0	0	0	0	29	0	0	0	0	0
ASV 345 _	0	0	63	0	9	0	0	8	0	0	0	0	0	2	0
ASV 346 _	0	0	0	17	0	0	0	65	0	0	0	0	0	0	0
ASV 347 _	0	0	0	0	43	0	27	0	0	0	5	3	0	4	0
ASV 348 _	0	0	0	0	39	0	23	0	0	0	15	5	0	0	0
ASV 349 _	0	0	0	0	0	0	0	0	82	0	0	0	0	0	0
ASV 350 _	23	0	0	10	0	10	0	3	0	32	0	0	0	0	3
ASV 351 _	0	28	0	44	0	0	0	0	0	0	0	1	0	0	8
ASV 352 _	63	0	0	0	0	16	0	0	0	0	0	1	0	0	0
ASV 353 _	0	12	0	54	0	0	0	0	0	14	0	0	0	0	0
ASV 354 _	0	3	0	53	0	0	0	0	0	17	0	2	0	0	5
ASV 355 _	0	0	0	39	0	0	0	0	0	41	0	0	0	0	0
ASV 356 _	0	0	0	0	0	0	0	0	80	0	0	0	0	0	0
ASV 357 _	0	0	0	0	0	0	0	60	0	0	0	0	0	11	8
ASV 358 _	0	0	0	0	0	0	0	0	0	0	0	0	0	0	79
ASV 359 _	14	0	41	0	0	8	0	0	0	15	0	0	0	0	0
ASV 360 _	0	78	0	0	0	0	0	0	0	0	0	0	0	0	0
ASV 361 _	0	32	0	14	0	0	0	0	0	27	0	0	0	0	5
ASV 362 _	0	26	0	0	0	0	44	0	0	0	0	0	0	0	8
ASV 363 _	0	0	78	0	0	0	0	0	0	0	0	0	0	0	0
ASV 364 _	0	0	0	0	0	0	0	23	0	0	0	9	0	29	17
ASV 365 _	0	0	0	0	0	0	0	0	0	0	0	0	0	0	77
ASV 366 _	0	19	0	32	0	0	0	0	0	25	0	0	0	0	0
ASV 367 _	0	0	76	0	0	0	0	0	0	0	0	0	0	0	0
ASV 368 _	37	0	0	0	23	15	0	0	0	0	0	0	0	0	0
ASV 369 _	0	0	0	0	0	0	0	0	0	75	0	0	0	0	0
ASV 370 _	27	28	0	15	0	0	0	0	0	4	0	0	0	0	0
ASV 371 _	0	0	0	0	49	0	0	0	0	0	2	0	0	23	0
ASV 372 _	0	0	0	0	0	0	0	0	74	0	0	0	0	0	0
ASV 373 _	52	0	0	0	0	0	0	2	0	7	0	5	0	7	0
ASV 374 _	0	27	0	0	0	0	0	0	0	46	0	0	0	0	0
ASV 375 _	9	0	0	24	0	9	0	25	0	0	0	0	0	2	3
ASV 376 _	18	15	0	20	0	0	0	9	0	10	0	0	0	0	0
ASV 377 _	0	33	0	17	0	0	0	0	0	22	0	0	0	0	0
ASV 378 _	0	34	0	31	0	0	0	0	0	7	0	0	0	0	0
ASV 379 _	0	0	0	0	0	8	27	15	0	0	0	5	0	17	0
ASV 380 _	0	0	0	0	0	0	0	0	0	0	72	0	0	0	0
ASV 381 _	56	0	0	0	0	0	0	0	0	15	0	0	0	0	0
ASV 382 _	0	71	0	0	0	0	0	0	0	0	0	0	0	0	0
ASV 383 _	0	0	0	0	71	0	0	0	0	0	0	0	0	0	0
ASV 384 _	0	0	0	0	0	10	0	36	0	9	0	4	0	0	12
ASV 385 _	0	0	0	0	0	71	0	0	0	0	0	0	0	0	0
ASV 386 _	0	0	0	0	0	4	0	5	0	62	0	0	0	0	0
ASV 387 _	0	0	0	0	0	0	0	0	0	0	0	0	71	0	0
ASV 388 _	0	0	0	0	0	0	70	0	0	0	0	0	0	0	0
ASV 389 _	0	0	0	0	0	0	0	0	0	70	0	0	0	0	0
ASV 390 _	0	69	0	0	0	0	0	0	0	0	0	0	0	0	0
ASV 391 _	0	0	0	0	0	69	0	0	0	0	0	0	0	0	0
ASV 392 _	22	0	0	35	0	3	0	0	0	0	6	1	0	0	1
ASV 393 _	9	0	0	0	24	31	0	0	0	0	0	0	0	4	0
ASV 394 _	0	11	0	0	33	0	7	0	0	0	8	3	0	6	0
ASV 395 _	67	0	0	0	0	0	0	0	0	0	0	0	0	0	0
ASV 396 _	0	0	0	0	49	0	3	0	0	0	0	0	0	15	0
ASV 397 _	0	0	0	0	67	0	0	0	0	0	0	0	0	0	0
ASV 398 _	0	0	0	0	0	0	0	13	0	0	40	0	9	0	5
ASV 399 _	10	0	0	0	0	56	0	0	0	0	0	0	0	0	0
ASV 400 _	0	2	0	0	0	5	0	9	0	14	0	0	0	35	1
ASV 401 _	0	0	0	0	0	0	0	0	66	0	0	0	0	0	0
ASV 402 _	0	0	0	0	0	0	0	0	0	0	66	0	0	0	0
ASV 403 _	23	0	0	0	0	0	0	0	0	42	0	0	0	0	0
ASV 404 _	0	37	0	24	0	0	0	0	0	4	0	0	0	0	0
ASV 405 _	37	0	0	0	0	10	3	0	0	8	0	0	0	3	3
ASV 406 _	6	0	0	48	0	0	0	0	0	10	0	0	0	0	0
ASV 407 _	0	19	0	45	0	0	0	0	0	0	0	0	0	0	0
ASV 408 _	0	0	0	0	0	0	0	40	0	0	0	9	0	0	15
ASV 409 _	19	10	0	9	0	0	0	8	0	4	0	0	0	12	1
ASV 410 _	0	63	0	0	0	0	0	0	0	0	0	0	0	0	0
ASV 411 _	0	6	0	6	0	0	0	0	0	36	0	0	0	0	15
ASV 412 _	0	0	49	0	2	0	0	12	0	0	0	0	0	0	0
ASV 413 _	0	0	63	0	0	0	0	0	0	0	0	0	0	0	0
ASV 414 _	0	0	0	63	0	0	0	0	0	0	0	0	0	0	0
ASV 415 _	0	0	0	0	0	0	0	0	0	0	0	0	0	0	63
ASV 416 _	0	6	0	11	0	3	0	3	0	20	0	0	0	8	11
ASV 417 _	0	0	0	62	0	0	0	0	0	0	0	0	0	0	0
ASV 418 _	61	0	0	0	0	0	0	0	0	0	0	0	0	0	0
ASV 419 _	40	0	0	0	0	21	0	0	0	0	0	0	0	0	0
ASV 420 _	15	0	0	0	0	46	0	0	0	0	0	0	0	0	0
ASV 421 _	0	5	0	22	0	0	0	0	0	18	0	0	0	2	13
ASV 422 _	47	0	0	12	0	0	0	0	0	0	0	0	0	0	0
ASV 423 _	0	44	0	0	0	0	0	0	0	11	0	1	0	0	3
ASV 424 _	0	7	0	0	0	0	0	0	0	7	0	0	0	0	45
ASV 425 _	0	0	0	0	0	0	0	59	0	0	0	0	0	0	0
ASV 426 _	41	0	0	0	0	0	0	0	0	17	0	0	0	0	0
ASV 427 _	0	58	0	0	0	0	0	0	0	0	0	0	0	0	0
ASV 428 _	35	0	0	4	0	8	0	0	0	10	0	0	0	0	0
ASV 429 _	19	0	0	38	0	0	0	0	0	0	0	0	0	0	0
ASV 430 _	0	32	0	14	0	0	0	0	0	11	0	0	0	0	0
ASV 431 _	0	0	0	0	57	0	0	0	0	0	0	0	0	0	0
ASV 432 _	0	0	0	0	0	46	11	0	0	0	0	0	0	0	0
ASV 433 _	12	9	6	11	0	8	0	0	1	8	0	0	0	0	1
ASV 434 _	0	56	0	0	0	0	0	0	0	0	0	0	0	0	0
ASV 435 _	0	9	0	0	0	0	0	39	0	0	0	2	0	0	6
ASV 436 _	0	0	0	56	0	0	0	0	0	0	0	0	0	0	0
ASV 437 _	0	0	0	0	0	0	7	23	0	0	0	0	0	0	26
ASV 438 _	0	0	0	0	0	0	0	0	0	0	0	0	56	0	0
ASV 439 _	0	0	0	0	0	0	0	0	0	0	0	0	0	17	39
ASV 440 _	0	0	0	0	0	0	0	0	0	0	0	0	0	0	56
ASV 441 _	23	0	0	0	0	32	0	0	0	0	0	0	0	0	0
ASV 442 _	0	0	0	55	0	0	0	0	0	0	0	0	0	0	0
ASV 443 _	0	0	0	0	41	0	3	0	0	0	0	1	0	10	0
ASV 444 _	0	0	0	0	0	0	0	0	0	0	0	0	55	0	0
ASV 445 _	0	54	0	0	0	0	0	0	0	0	0	0	0	0	0
ASV 446 _	0	0	0	6	0	0	0	29	0	0	0	5	0	0	13
ASV 447 _	0	0	0	7	0	0	0	12	0	10	0	0	0	0	24
ASV 448 _	0	0	0	0	0	0	0	53	0	0	0	0	0	0	0
ASV 449 _	0	0	0	0	0	0	0	0	0	0	0	0	53	0	0
ASV 450 _	52	0	0	0	0	0	0	0	0	0	0	0	0	0	0
ASV 451 _	23	0	0	0	0	0	0	0	0	13	0	0	0	0	16
ASV 452 _	4	34	0	14	0	0	0	0	0	0	0	0	0	0	0
ASV 453 _	0	0	0	0	52	0	0	0	0	0	0	0	0	0	0
ASV 454 _	0	0	0	0	0	0	18	0	0	0	0	0	0	0	34
ASV 455 _	0	30	0	0	0	0	0	0	0	21	0	0	0	0	0
ASV 456 _	0	0	0	51	0	0	0	0	0	0	0	0	0	0	0
ASV 457 _	0	0	0	51	0	0	0	0	0	0	0	0	0	0	0
ASV 458 _	0	0	0	51	0	0	0	0	0	0	0	0	0	0	0
ASV 459 _	0	0	0	0	51	0	0	0	0	0	0	0	0	0	0
ASV 460 _	0	0	0	0	25	0	10	0	0	0	6	3	0	7	0
ASV 461 _	0	0	0	0	0	0	0	0	0	0	0	0	51	0	0
ASV 462 _	0	0	0	0	50	0	0	0	0	0	0	0	0	0	0
ASV 463 _	0	0	0	0	0	0	0	0	0	0	0	0	50	0	0
ASV 464 _	0	41	0	0	0	0	0	0	0	0	7	0	0	0	1
ASV 465 _	0	17	0	17	0	0	0	0	0	9	0	0	0	0	6
ASV 466 _	0	6	0	43	0	0	0	0	0	0	0	0	0	0	0
ASV 467 _	0	5	0	14	0	0	0	0	0	0	0	0	0	0	30
ASV 468 _	0	0	0	12	24	0	4	0	0	0	0	2	0	7	0
ASV 469 _	0	0	0	0	0	0	0	37	0	0	12	0	0	0	0
ASV 470 _	0	32	0	13	0	0	0	0	0	3	0	0	0	0	0
ASV 471 _	0	0	48	0	0	0	0	0	0	0	0	0	0	0	0
ASV 472 _	0	6	0	22	0	0	0	0	0	19	0	0	0	0	0
ASV 473 _	0	0	0	0	47	0	0	0	0	0	0	0	0	0	0
ASV 474 _	0	0	0	0	0	0	0	0	0	47	0	0	0	0	0
ASV 475 _	46	0	0	0	0	0	0	0	0	0	0	0	0	0	0
ASV 476 _	0	23	0	0	0	0	0	0	0	0	0	0	23	0	0
ASV 477 _	0	0	0	25	0	0	0	0	0	21	0	0	0	0	0
ASV 478 _	0	0	0	0	0	0	0	0	0	0	0	0	46	0	0
ASV 479 _	0	0	0	0	0	0	0	0	0	0	0	0	0	0	46
ASV 480 _	10	0	0	12	0	14	0	0	0	9	0	0	0	0	0
ASV 481 _	8	0	0	0	0	37	0	0	0	0	0	0	0	0	0
ASV 482 _	0	32	0	13	0	0	0	0	0	0	0	0	0	0	0
ASV 483 _	0	9	0	0	0	0	0	0	0	0	0	0	36	0	0
ASV 484 _	0	0	0	0	0	0	13	14	0	0	0	0	0	17	1
ASV 485 _	1	4	0	1	0	4	0	14	0	4	0	0	0	10	6
ASV 486 _	0	44	0	0	0	0	0	0	0	0	0	0	0	0	0
ASV 487 _	0	0	0	44	0	0	0	0	0	0	0	0	0	0	0
ASV 488 _	0	0	0	10	0	0	0	0	0	30	0	0	0	0	4
ASV 489 _	0	0	0	0	44	0	0	0	0	0	0	0	0	0	0
ASV 490 _	0	0	0	0	0	0	44	0	0	0	0	0	0	0	0
ASV 491 _	0	0	0	0	0	0	42	0	0	0	0	2	0	0	0
ASV 492 _	0	0	0	0	0	0	0	44	0	0	0	0	0	0	0
ASV 493 _	0	0	0	0	0	0	0	0	0	44	0	0	0	0	0
ASV 494 _	30	0	0	0	0	0	0	0	0	13	0	0	0	0	0
ASV 495 _	43	0	0	0	0	0	0	0	0	0	0	0	0	0	0
ASV 496 _	0	43	0	0	0	0	0	0	0	0	0	0	0	0	0
ASV 497 _	0	9	0	0	0	6	0	0	0	28	0	0	0	0	0
ASV 498 _	0	8	0	0	0	0	0	0	0	0	0	0	0	0	35
ASV 499 _	0	0	0	0	0	0	0	43	0	0	0	0	0	0	0
ASV 500 _	0	0	0	0	0	0	0	0	0	0	0	0	43	0	0
ASV 501 _	0	0	0	0	0	0	0	0	0	0	0	0	43	0	0
ASV 502 _	0	42	0	0	0	0	0	0	0	0	0	0	0	0	0
ASV 503 _	0	42	0	0	0	0	0	0	0	0	0	0	0	0	0
ASV 504 _	0	4	0	10	0	21	0	0	0	7	0	0	0	0	0
ASV 505 _	0	0	0	42	0	0	0	0	0	0	0	0	0	0	0
ASV 506 _	0	0	0	0	0	35	0	0	0	7	0	0	0	0	0
ASV 507 _	0	0	0	0	0	16	0	7	0	19	0	0	0	0	0
ASV 508 _	0	0	0	0	0	0	0	0	42	0	0	0	0	0	0
ASV 509 _	0	0	0	0	0	0	0	0	0	0	0	11	0	0	31
ASV 510 _	0	0	0	0	0	0	0	0	0	0	0	0	42	0	0
ASV 511 _	0	0	0	0	0	0	0	0	0	0	0	0	42	0	0
ASV 512 _	0	0	0	0	0	0	0	0	0	0	0	0	42	0	0
ASV 513 _	13	0	0	0	0	9	0	0	0	0	0	0	0	18	1
ASV 514 _	0	25	0	0	0	0	0	0	0	0	0	0	13	0	3
ASV 515 _	0	0	41	0	0	0	0	0	0	0	0	0	0	0	0
ASV 516 _	0	0	0	0	19	0	0	0	0	0	0	0	0	22	0
ASV 517 _	11	17	0	0	0	0	0	0	0	12	0	0	0	0	0
ASV 518 _	26	0	0	0	0	14	0	0	0	0	0	0	0	0	0
ASV 519 _	6	12	0	0	0	0	0	0	0	18	0	4	0	0	0
ASV 520 _	0	15	0	0	0	0	0	0	0	0	0	0	0	0	25
ASV 521 _	0	13	0	0	20	0	0	0	0	0	0	7	0	0	0
ASV 522 _	0	11	0	29	0	0	0	0	0	0	0	0	0	0	0
ASV 523 _	0	0	0	0	40	0	0	0	0	0	0	0	0	0	0
ASV 524 _	0	0	0	0	0	20	0	6	0	0	6	2	0	6	0
ASV 525 _	0	0	0	0	0	0	0	0	0	0	0	0	40	0	0
ASV 526 _	0	0	0	0	0	0	0	0	0	0	0	0	40	0	0
ASV 527 _	0	0	0	0	0	0	0	0	0	0	0	0	40	0	0
ASV 528 _	39	0	0	0	0	0	0	0	0	0	0	0	0	0	0
ASV 529 _	29	0	0	0	0	0	0	0	0	9	0	0	0	0	1
ASV 530 _	17	0	0	15	0	0	0	0	0	7	0	0	0	0	0
ASV 531 _	0	39	0	0	0	0	0	0	0	0	0	0	0	0	0
ASV 532 _	0	6	0	21	0	0	0	0	0	12	0	0	0	0	0
ASV 533 _	0	3	0	19	0	0	0	0	0	16	0	0	0	0	1
ASV 534 _	0	7	0	24	0	0	0	0	0	8	0	0	0	0	0
ASV 535 _	0	0	0	39	0	0	0	0	0	0	0	0	0	0	0
ASV 536 _	0	0	0	7	0	0	0	0	0	11	0	0	0	0	21
ASV 537 _	0	0	0	0	39	0	0	0	0	0	0	0	0	0	0
ASV 538 _	0	0	0	0	39	0	0	0	0	0	0	0	0	0	0
ASV 539 _	0	0	0	0	0	8	0	20	0	0	5	0	0	4	2
ASV 540 _	0	0	0	0	0	10	16	0	0	0	0	13	0	0	0
ASV 541 _	0	0	0	0	0	0	20	0	0	0	13	4	0	0	2
ASV 542 _	0	0	0	0	0	0	0	0	39	0	0	0	0	0	0
ASV 543 _	0	0	0	0	0	0	0	0	0	0	0	0	6	0	33
ASV 544 _	0	0	0	0	0	0	0	0	0	0	0	0	0	0	39
ASV 545 _	0	23	0	0	0	0	0	0	0	15	0	0	0	0	0
ASV 546 _	0	0	0	31	0	0	0	0	0	0	0	0	0	7	0
ASV 547 _	0	0	0	33	0	0	0	0	0	5	0	0	0	0	0
ASV 548 _	0	0	0	0	0	22	0	0	0	16	0	0	0	0	0
ASV 549 _	0	0	0	0	0	6	0	0	0	5	27	0	0	0	0
ASV 550 _	0	0	0	0	0	0	38	0	0	0	0	0	0	0	0
ASV 551 _	0	0	0	0	0	0	0	0	0	0	0	0	38	0	0
ASV 552 _	29	0	0	0	0	0	0	0	0	8	0	0	0	0	0
ASV 553 _	0	37	0	0	0	0	0	0	0	0	0	0	0	0	0
ASV 554 _	0	0	0	0	0	3	0	5	0	0	0	0	0	0	29
ASV 555 _	0	0	0	0	0	0	0	0	0	0	0	0	37	0	0
ASV 556 _	36	0	0	0	0	0	0	0	0	0	0	0	0	0	0
ASV 557 _	22	0	0	0	0	0	0	0	0	14	0	0	0	0	0
ASV 558 _	0	36	0	0	0	0	0	0	0	0	0	0	0	0	0
ASV 559 _	0	13	0	22	0	0	0	0	0	0	0	0	0	0	1
ASV 560 _	0	0	0	0	10	0	19	0	0	0	7	0	0	0	0
ASV 561 _	0	0	0	0	0	0	0	0	0	0	0	0	36	0	0
ASV 562 _	0	0	0	0	0	0	0	0	0	0	0	0	36	0	0
ASV 563 _	0	0	0	0	0	0	0	0	0	0	0	0	36	0	0
ASV 564 _	0	0	0	0	0	0	0	0	0	0	0	0	0	0	36
ASV 565 _	15	0	0	0	0	0	0	20	0	0	0	0	0	0	0
ASV 566 _	24	0	0	11	0	0	0	0	0	0	0	0	0	0	0
ASV 567 _	0	0	0	19	0	0	0	3	0	0	0	0	0	0	13
ASV 568 _	0	0	0	5	0	0	0	0	30	0	0	0	0	0	0
ASV 569 _	0	0	0	0	35	0	0	0	0	0	0	0	0	0	0
ASV 570 _	0	0	0	0	0	0	0	35	0	0	0	0	0	0	0
ASV 571 _	0	0	0	0	0	0	0	0	0	0	0	0	35	0	0
ASV 572 _	0	0	0	0	0	0	0	0	0	0	0	0	0	0	35
ASV 573 _	0	0	0	0	0	0	0	0	0	0	0	0	0	0	35
ASV 574 _	34	0	0	0	0	0	0	0	0	0	0	0	0	0	0
ASV 575 _	8	0	0	0	0	0	0	0	0	26	0	0	0	0	0
ASV 576 _	0	12	0	3	0	0	0	0	0	17	0	2	0	0	0
ASV 577 _	0	14	0	12	0	0	0	0	0	8	0	0	0	0	0
ASV 578 _	0	2	0	0	0	10	0	0	0	0	0	3	0	15	4
ASV 579 _	0	0	22	0	0	0	0	9	0	3	0	0	0	0	0
ASV 580 _	0	0	0	0	24	0	0	10	0	0	0	0	0	0	0
ASV 581 _	0	0	0	0	0	18	16	0	0	0	0	0	0	0	0
ASV 582 _	0	0	0	0	0	0	0	0	34	0	0	0	0	0	0
ASV 583 _	0	0	0	0	0	0	0	0	0	0	0	0	34	0	0
ASV 584 _	0	0	0	0	0	0	0	0	0	0	0	0	34	0	0
ASV 585 _	0	0	0	0	0	0	0	0	0	0	0	0	34	0	0
ASV 586 _	0	0	0	0	0	0	0	0	0	0	0	0	34	0	0
ASV 587 _	0	0	0	0	0	0	0	0	0	0	0	0	0	0	34
ASV 588 _	29	4	0	0	0	0	0	0	0	0	0	0	0	0	0
ASV 589 _	0	10	0	0	0	0	0	0	0	0	0	0	0	16	7
ASV 590 _	0	0	27	6	0	0	0	0	0	0	0	0	0	0	0
ASV 591 _	0	0	0	12	0	0	0	0	0	21	0	0	0	0	0
ASV 592 _	0	0	0	0	33	0	0	0	0	0	0	0	0	0	0
ASV 593 _	0	0	0	0	0	33	0	0	0	0	0	0	0	0	0
ASV 594 _	0	0	0	0	0	0	10	0	0	0	0	10	0	0	13
ASV 595 _	0	0	0	0	0	0	0	20	0	0	0	0	0	5	8
ASV 596 _	0	0	0	0	0	0	0	0	0	0	0	0	33	0	0
ASV 597 _	0	0	0	0	0	0	0	0	0	0	0	0	33	0	0
ASV 598 _	32	0	0	0	0	0	0	0	0	0	0	0	0	0	0
ASV 599 _	0	32	0	0	0	0	0	0	0	0	0	0	0	0	0
ASV 600 _	0	22	0	0	0	0	0	0	0	0	0	0	0	0	10
ASV 601 _	0	19	0	13	0	0	0	0	0	0	0	0	0	0	0
ASV 602 _	0	0	0	23	0	0	0	0	0	0	0	0	0	0	9
ASV 603 _	0	0	0	0	17	0	15	0	0	0	0	0	0	0	0
ASV 604 _	0	0	0	0	32	0	0	0	0	0	0	0	0	0	0
ASV 605 _	0	0	0	0	0	32	0	0	0	0	0	0	0	0	0
ASV 606 _	0	0	0	0	0	0	0	0	0	0	0	0	32	0	0
ASV 607 _	0	0	0	0	0	0	0	0	0	0	0	0	32	0	0
ASV 608 _	0	24	0	0	0	0	0	0	0	4	0	0	0	0	3
ASV 609 _	0	18	0	6	0	0	0	0	0	0	0	0	0	0	7
ASV 610 _	0	0	0	31	0	0	0	0	0	0	0	0	0	0	0
ASV 611 _	0	0	0	0	31	0	0	0	0	0	0	0	0	0	0
ASV 612 _	0	0	0	0	0	31	0	0	0	0	0	0	0	0	0
ASV 613 _	0	0	0	0	0	0	0	0	0	0	0	18	0	0	13
ASV 614 _	0	0	0	0	0	0	0	0	0	0	0	0	0	0	31
ASV 615 _	0	17	0	7	0	0	0	0	0	6	0	0	0	0	0
ASV 616 _	0	5	0	0	0	0	0	0	0	0	0	0	25	0	0
ASV 617 _	0	30	0	0	0	0	0	0	0	0	0	0	0	0	0
ASV 618 _	0	8	0	19	0	0	0	0	0	3	0	0	0	0	0
ASV 619 _	0	0	0	17	0	0	0	0	0	0	0	0	0	0	13
ASV 620 _	0	0	0	4	0	7	0	8	0	0	0	0	0	0	11
ASV 621 _	0	0	0	0	30	0	0	0	0	0	0	0	0	0	0
ASV 622 _	0	0	0	0	0	0	24	4	0	0	0	0	0	2	0
ASV 623 _	0	0	0	0	0	0	0	0	0	13	0	0	15	0	2
ASV 624 _	0	0	0	0	0	0	0	0	0	0	0	0	30	0	0
ASV 625 _	0	0	0	0	0	0	0	0	0	0	0	0	30	0	0
ASV 626 _	0	0	0	0	0	0	0	0	0	0	0	0	0	0	30
ASV 627 _	20	0	0	0	0	5	4	0	0	0	0	0	0	0	0
ASV 628 _	22	0	0	0	0	0	0	0	0	0	7	0	0	0	0
ASV 629 _	3	12	0	0	0	0	0	0	0	14	0	0	0	0	0
ASV 630 _	0	3	8	0	0	2	0	0	0	4	0	0	0	11	1
ASV 631 _	0	0	0	0	29	0	0	0	0	0	0	0	0	0	0
ASV 632 _	0	0	0	0	0	0	0	17	0	0	0	0	0	12	0
ASV 633 _	0	0	0	0	0	0	0	29	0	0	0	0	0	0	0
ASV 634 _	0	0	0	0	0	0	0	0	0	29	0	0	0	0	0
ASV 635 _	0	0	0	0	0	0	0	0	0	0	11	0	0	18	0
ASV 636 _	0	0	0	0	0	0	0	0	0	0	13	0	16	0	0
ASV 637 _	0	0	0	0	0	0	0	0	0	0	0	0	29	0	0
ASV 638 _	22	0	0	0	0	0	0	0	0	0	0	6	0	0	0
ASV 639 _	12	16	0	0	0	0	0	0	0	0	0	0	0	0	0
ASV 640 _	0	1	1	1	0	0	0	11	3	3	0	0	7	1	0
ASV 641 _	0	28	0	0	0	0	0	0	0	0	0	0	0	0	0
ASV 642 _	0	7	0	0	0	0	8	0	0	0	0	4	9	0	0
ASV 643 _	0	0	0	24	0	0	0	0	0	4	0	0	0	0	0
ASV 644 _	0	0	0	28	0	0	0	0	0	0	0	0	0	0	0
ASV 645 _	0	0	0	0	0	0	28	0	0	0	0	0	0	0	0
ASV 646 _	0	0	0	0	0	0	14	0	0	0	0	4	0	10	0
ASV 647 _	0	0	0	0	0	0	0	0	0	0	0	0	28	0	0
ASV 648 _	0	0	0	0	0	0	0	0	0	0	0	0	28	0	0
ASV 649 _	0	0	0	0	0	0	0	0	0	0	0	0	28	0	0
ASV 650 _	0	0	0	0	0	0	0	0	0	0	0	0	28	0	0
ASV 651 _	0	0	0	0	0	0	0	0	0	0	0	0	0	0	28
ASV 652 _	11	0	0	0	0	0	0	0	0	16	0	0	0	0	0
ASV 653 _	5	22	0	0	0	0	0	0	0	0	0	0	0	0	0
ASV 654 _	0	18	0	9	0	0	0	0	0	0	0	0	0	0	0
ASV 655 _	0	21	0	6	0	0	0	0	0	0	0	0	0	0	0
ASV 656 _	0	11	0	16	0	0	0	0	0	0	0	0	0	0	0
ASV 657 _	0	0	0	27	0	0	0	0	0	0	0	0	0	0	0
ASV 658 _	0	0	0	0	13	0	0	0	0	0	13	0	0	0	1
ASV 659 _	0	0	0	0	0	4	0	0	1	22	0	0	0	0	0
ASV 660 _	0	0	0	0	0	0	27	0	0	0	0	0	0	0	0
ASV 661 _	0	0	0	0	0	0	0	27	0	0	0	0	0	0	0
ASV 662 _	0	0	0	0	0	0	0	17	0	0	0	2	0	8	0
ASV 663 _	0	0	0	0	0	0	0	0	0	27	0	0	0	0	0
ASV 664 _	0	0	0	0	0	0	0	0	0	0	0	27	0	0	0
ASV 665 _	26	0	0	0	0	0	0	0	0	0	0	0	0	0	0
ASV 666 _	0	26	0	0	0	0	0	0	0	0	0	0	0	0	0
ASV 667 _	0	0	26	0	0	0	0	0	0	0	0	0	0	0	0
ASV 668 _	0	0	0	26	0	0	0	0	0	0	0	0	0	0	0
ASV 669 _	0	0	0	26	0	0	0	0	0	0	0	0	0	0	0
ASV 670 _	0	0	0	26	0	0	0	0	0	0	0	0	0	0	0
ASV 671 _	0	0	0	0	0	26	0	0	0	0	0	0	0	0	0
ASV 672 _	0	0	0	0	0	0	17	9	0	0	0	0	0	0	0
ASV 673 _	0	0	0	0	0	0	0	26	0	0	0	0	0	0	0
ASV 674 _	0	0	0	0	0	0	0	22	0	0	0	4	0	0	0
ASV 675 _	0	0	0	0	0	0	0	0	0	0	0	0	26	0	0
ASV 676 _	0	0	0	0	0	0	0	0	0	0	0	0	26	0	0
ASV 677 _	0	0	0	0	0	0	0	0	0	0	0	0	26	0	0
ASV 678 _	0	0	0	0	0	0	0	0	0	0	0	0	26	0	0
ASV 679 _	0	0	0	0	0	0	0	0	0	0	0	0	0	0	26
ASV 680 _	18	0	0	0	0	0	0	0	0	0	0	0	0	0	7
ASV 681 _	0	22	0	0	0	0	0	0	0	0	0	3	0	0	0
ASV 682 _	0	10	0	5	0	0	0	0	0	10	0	0	0	0	0
ASV 683 _	0	25	0	0	0	0	0	0	0	0	0	0	0	0	0
ASV 684 _	0	0	0	0	0	0	6	0	0	0	0	0	0	19	0
ASV 685 _	0	0	0	0	0	0	0	0	25	0	0	0	0	0	0
ASV 686 _	0	0	0	0	0	0	0	0	0	25	0	0	0	0	0
ASV 687 _	0	0	0	0	0	0	0	0	0	0	0	0	25	0	0
ASV 688 _	0	0	0	0	0	0	0	0	0	0	0	0	0	25	0
ASV 689 _	0	0	0	0	0	0	0	0	0	0	0	0	0	0	25
ASV 690 _	24	0	0	0	0	0	0	0	0	0	0	0	0	0	0
ASV 691 _	13	0	0	0	0	11	0	0	0	0	0	0	0	0	0
ASV 692 _	0	9	0	0	0	0	0	0	0	0	0	15	0	0	0
ASV 693 _	0	0	24	0	0	0	0	0	0	0	0	0	0	0	0
ASV 694 _	0	0	0	24	0	0	0	0	0	0	0	0	0	0	0
ASV 695 _	0	0	0	0	24	0	0	0	0	0	0	0	0	0	0
ASV 696 _	0	0	0	0	0	0	0	24	0	0	0	0	0	0	0
ASV 697 _	0	0	0	0	0	0	0	0	0	0	0	0	24	0	0
ASV 698 _	0	0	0	0	0	0	0	0	0	0	0	0	24	0	0
ASV 699 _	0	0	0	0	0	0	0	0	0	0	0	0	0	24	0
ASV 700 _	0	0	0	0	0	0	0	0	0	0	0	0	0	24	0
ASV 701 _	23	0	0	0	0	0	0	0	0	0	0	0	0	0	0
ASV 702 _	0	1	0	0	0	0	0	0	0	17	0	0	0	0	5
ASV 703 _	0	23	0	0	0	0	0	0	0	0	0	0	0	0	0
ASV 704 _	0	0	0	23	0	0	0	0	0	0	0	0	0	0	0
ASV 705 _	0	0	0	23	0	0	0	0	0	0	0	0	0	0	0
ASV 706 _	0	0	0	3	0	13	0	0	0	5	1	1	0	0	0
ASV 707 _	0	0	0	15	0	0	8	0	0	0	0	0	0	0	0
ASV 708 _	0	0	0	0	0	0	0	0	0	23	0	0	0	0	0
ASV 709 _	0	0	0	0	0	0	0	0	0	0	23	0	0	0	0
ASV 710 _	0	0	0	0	0	0	0	0	0	0	0	23	0	0	0
ASV 711 _	0	0	0	0	0	0	0	0	0	0	0	0	23	0	0
ASV 712 _	0	0	0	0	0	0	0	0	0	0	0	0	23	0	0
ASV 713 _	0	0	0	0	0	0	0	0	0	0	0	0	0	23	0
ASV 714 _	0	0	0	0	0	0	0	0	0	0	0	0	0	0	23
ASV 715 _	22	0	0	0	0	0	0	0	0	0	0	0	0	0	0
ASV 716 _	22	0	0	0	0	0	0	0	0	0	0	0	0	0	0
ASV 717 _	10	6	0	0	0	0	0	0	0	0	0	0	0	5	1
ASV 718 _	22	0	0	0	0	0	0	0	0	0	0	0	0	0	0
ASV 719 _	0	7	0	15	0	0	0	0	0	0	0	0	0	0	0
ASV 720 _	0	0	0	22	0	0	0	0	0	0	0	0	0	0	0
ASV 721 _	0	0	0	0	22	0	0	0	0	0	0	0	0	0	0
ASV 722 _	0	0	0	0	22	0	0	0	0	0	0	0	0	0	0
ASV 723 _	0	0	0	0	0	18	0	0	0	0	0	0	0	4	0
ASV 724 _	0	0	0	0	0	22	0	0	0	0	0	0	0	0	0
ASV 725 _	0	0	0	0	0	0	11	11	0	0	0	0	0	0	0
ASV 726 _	0	0	0	0	0	0	0	22	0	0	0	0	0	0	0
ASV 727 _	0	0	0	0	0	0	0	9	0	4	0	0	0	1	8
ASV 728 _	0	0	0	0	0	0	0	22	0	0	0	0	0	0	0
ASV 729 _	0	0	0	0	0	0	0	0	0	22	0	0	0	0	0
ASV 730 _	0	0	0	0	0	0	0	0	0	0	0	0	22	0	0
ASV 731 _	0	0	0	0	0	0	0	0	0	0	0	0	22	0	0
ASV 732 _	0	0	0	0	0	0	0	0	0	0	0	0	0	0	22
ASV 733 _	21	0	0	0	0	0	0	0	0	0	0	0	0	0	0
ASV 734 _	21	0	0	0	0	0	0	0	0	0	0	0	0	0	0
ASV 735 _	0	21	0	0	0	0	0	0	0	0	0	0	0	0	0
ASV 736 _	0	0	0	13	0	0	2	0	0	0	0	1	0	4	1
ASV 737 _	0	0	0	8	0	0	6	0	0	0	7	0	0	0	0
ASV 738 _	0	0	0	0	0	0	8	0	0	0	0	0	0	13	0
ASV 739 _	0	0	0	0	0	0	0	0	0	0	0	17	0	4	0
ASV 740 _	0	0	0	0	0	0	0	0	0	0	0	0	21	0	0
ASV 741 _	0	0	0	0	0	0	0	0	0	0	0	0	21	0	0
ASV 742 _	0	0	0	0	0	0	0	0	0	0	0	0	21	0	0
ASV 743 _	0	0	0	0	0	0	0	0	0	0	0	0	21	0	0
ASV 744 _	0	0	0	0	0	0	0	0	0	0	0	0	0	0	21
ASV 745 _	0	0	0	0	0	0	0	0	0	0	0	0	0	0	21
ASV 746 _	0	20	0	0	0	0	0	0	0	0	0	0	0	0	0
ASV 747 _	0	9	0	0	0	0	0	11	0	0	0	0	0	0	0
ASV 748 _	0	10	0	10	0	0	0	0	0	0	0	0	0	0	0
ASV 749 _	0	20	0	0	0	0	0	0	0	0	0	0	0	0	0
ASV 750 _	0	0	0	14	0	0	0	0	0	0	0	0	0	6	0
ASV 751 _	0	0	0	10	0	10	0	0	0	0	0	0	0	0	0
ASV 752 _	0	0	0	0	20	0	0	0	0	0	0	0	0	0	0
ASV 753 _	0	0	0	0	20	0	0	0	0	0	0	0	0	0	0
ASV 754 _	0	0	0	0	20	0	0	0	0	0	0	0	0	0	0
ASV 755 _	0	0	0	0	0	20	0	0	0	0	0	0	0	0	0
ASV 756 _	0	0	0	0	0	0	0	0	0	20	0	0	0	0	0
ASV 757 _	0	0	0	0	0	0	0	0	0	10	0	0	0	0	10
ASV 758 _	0	0	0	0	0	0	0	0	0	0	0	20	0	0	0
ASV 759 _	0	0	0	0	0	0	0	0	0	0	0	0	20	0	0
ASV 760 _	0	0	0	0	0	0	0	0	0	0	0	0	20	0	0
ASV 761 _	0	0	0	0	0	0	0	0	0	0	0	0	20	0	0
ASV 762 _	0	0	0	0	0	0	0	0	0	0	0	0	20	0	0
ASV 763 _	0	0	0	0	0	0	0	0	0	0	0	0	20	0	0
ASV 764 _	0	0	0	0	0	0	0	0	0	0	0	0	20	0	0
ASV 765 _	0	0	0	0	0	0	0	0	0	0	0	0	20	0	0
ASV 766 _	0	0	0	0	0	0	0	0	0	0	0	0	0	0	20
ASV 767 _	19	0	0	0	0	0	0	0	0	0	0	0	0	0	0
ASV 768 _	19	0	0	0	0	0	0	0	0	0	0	0	0	0	0
ASV 769 _	0	19	0	0	0	0	0	0	0	0	0	0	0	0	0
ASV 770 _	0	16	0	3	0	0	0	0	0	0	0	0	0	0	0
ASV 771 _	0	0	13	0	0	0	0	0	6	0	0	0	0	0	0
ASV 772 _	0	0	0	19	0	0	0	0	0	0	0	0	0	0	0
ASV 773 _	0	0	0	19	0	0	0	0	0	0	0	0	0	0	0
ASV 774 _	0	0	0	19	0	0	0	0	0	0	0	0	0	0	0
ASV 775 _	0	0	0	19	0	0	0	0	0	0	0	0	0	0	0
ASV 776 _	0	0	0	12	0	0	0	0	0	7	0	0	0	0	0
ASV 777 _	0	0	0	19	0	0	0	0	0	0	0	0	0	0	0
ASV 778 _	0	0	0	0	0	0	0	19	0	0	0	0	0	0	0
ASV 779 _	0	0	0	0	0	0	0	0	0	19	0	0	0	0	0
ASV 780 _	0	0	0	0	0	0	0	0	0	19	0	0	0	0	0
ASV 781 _	0	0	0	0	0	0	0	0	0	19	0	0	0	0	0
ASV 782 _	0	0	0	0	0	0	0	0	0	19	0	0	0	0	0
ASV 783 _	0	0	0	0	0	0	0	0	0	0	19	0	0	0	0
ASV 784 _	0	0	0	0	0	0	0	0	0	0	0	0	19	0	0
ASV 785 _	0	0	0	0	0	0	0	0	0	0	0	0	19	0	0
ASV 786 _	0	0	0	0	0	0	0	0	0	0	0	0	19	0	0
ASV 787 _	0	0	0	0	0	0	0	0	0	0	0	0	0	11	8
ASV 788 _	0	0	0	0	0	0	0	0	0	0	0	0	0	19	0
ASV 789 _	0	0	0	0	0	0	0	0	0	0	0	0	0	0	19
ASV 790 _	18	0	0	0	0	0	0	0	0	0	0	0	0	0	0
ASV 791 _	18	0	0	0	0	0	0	0	0	0	0	0	0	0	0
ASV 792 _	0	18	0	0	0	0	0	0	0	0	0	0	0	0	0
ASV 793 _	0	0	0	11	0	0	0	0	1	6	0	0	0	0	0
ASV 794 _	0	0	0	0	18	0	0	0	0	0	0	0	0	0	0
ASV 795 _	0	0	0	0	0	18	0	0	0	0	0	0	0	0	0
ASV 796 _	0	0	0	0	0	18	0	0	0	0	0	0	0	0	0
ASV 797 _	0	0	0	0	0	0	18	0	0	0	0	0	0	0	0
ASV 798 _	0	0	0	0	0	0	0	18	0	0	0	0	0	0	0
ASV 799 _	0	0	0	0	0	0	0	0	0	18	0	0	0	0	0
ASV 800 _	0	0	0	0	0	0	0	0	0	18	0	0	0	0	0
ASV 801 _	0	0	0	0	0	0	0	0	0	18	0	0	0	0	0
ASV 802 _	0	0	0	0	0	0	0	0	0	8	0	10	0	0	0
ASV 803 _	0	0	0	0	0	0	0	0	0	18	0	0	0	0	0
ASV 804 _	0	0	0	0	0	0	0	0	0	7	11	0	0	0	0
ASV 805 _	0	0	0	0	0	0	0	0	0	0	18	0	0	0	0
ASV 806 _	0	0	0	0	0	0	0	0	0	0	18	0	0	0	0
ASV 807 _	0	0	0	0	0	0	0	0	0	0	18	0	0	0	0
ASV 808 _	0	0	0	0	0	0	0	0	0	0	0	0	18	0	0
ASV 809 _	0	0	0	0	0	0	0	0	0	0	0	0	18	0	0
ASV 810 _	0	0	0	0	0	0	0	0	0	0	0	0	18	0	0
ASV 811 _	0	0	0	0	0	0	0	0	0	0	0	0	0	0	18
ASV 812 _	0	0	0	0	0	0	0	0	0	0	0	0	0	0	18
ASV 813 _	7	0	0	0	0	0	10	0	0	0	0	0	0	0	0
ASV 814 _	0	17	0	0	0	0	0	0	0	0	0	0	0	0	0
ASV 815 _	0	15	0	0	0	2	0	0	0	0	0	0	0	0	0
ASV 816 _	0	10	0	0	0	0	0	0	0	0	7	0	0	0	0
ASV 817 _	0	17	0	0	0	0	0	0	0	0	0	0	0	0	0
ASV 818 _	0	17	0	0	0	0	0	0	0	0	0	0	0	0	0
ASV 819 _	0	9	0	0	0	0	0	0	0	0	0	0	0	0	8
ASV 820 _	0	0	0	17	0	0	0	0	0	0	0	0	0	0	0
ASV 821 _	0	0	0	17	0	0	0	0	0	0	0	0	0	0	0
ASV 822 _	0	0	0	17	0	0	0	0	0	0	0	0	0	0	0
ASV 823 _	0	0	0	17	0	0	0	0	0	0	0	0	0	0	0
ASV 824 _	0	0	0	5	0	0	0	0	0	11	0	1	0	0	0
ASV 825 _	0	0	0	0	0	17	0	0	0	0	0	0	0	0	0
ASV 826 _	0	0	0	0	0	17	0	0	0	0	0	0	0	0	0
ASV 827 _	0	0	0	0	0	0	0	6	0	0	11	0	0	0	0
ASV 828 _	0	0	0	0	0	0	0	17	0	0	0	0	0	0	0
ASV 829 _	0	0	0	0	0	0	0	0	0	17	0	0	0	0	0
ASV 830 _	0	0	0	0	0	0	0	0	0	10	0	0	0	0	7
ASV 831 _	0	0	0	0	0	0	0	0	0	0	0	0	17	0	0
ASV 832 _	0	0	0	0	0	0	0	0	0	0	0	0	17	0	0
ASV 833 _	0	0	0	0	0	0	0	0	0	0	0	0	0	0	17
ASV 834 _	0	0	0	0	0	0	0	0	0	0	0	0	0	0	17
ASV 835 _	16	0	0	0	0	0	0	0	0	0	0	0	0	0	0
ASV 836 _	16	0	0	0	0	0	0	0	0	0	0	0	0	0	0
ASV 837 _	16	0	0	0	0	0	0	0	0	0	0	0	0	0	0
ASV 838 _	16	0	0	0	0	0	0	0	0	0	0	0	0	0	0
ASV 839 _	16	0	0	0	0	0	0	0	0	0	0	0	0	0	0
ASV 840 _	16	0	0	0	0	0	0	0	0	0	0	0	0	0	0
ASV 841 _	16	0	0	0	0	0	0	0	0	0	0	0	0	0	0
ASV 842 _	16	0	0	0	0	0	0	0	0	0	0	0	0	0	0
ASV 843 _	0	16	0	0	0	0	0	0	0	0	0	0	0	0	0
ASV 844 _	0	16	0	0	0	0	0	0	0	0	0	0	0	0	0
ASV 845 _	0	16	0	0	0	0	0	0	0	0	0	0	0	0	0
ASV 846 _	0	16	0	0	0	0	0	0	0	0	0	0	0	0	0
ASV 847 _	0	0	0	16	0	0	0	0	0	0	0	0	0	0	0
ASV 848 _	0	0	0	16	0	0	0	0	0	0	0	0	0	0	0
ASV 849 _	0	0	0	16	0	0	0	0	0	0	0	0	0	0	0
ASV 850 _	0	0	0	16	0	0	0	0	0	0	0	0	0	0	0
ASV 851 _	0	0	0	16	0	0	0	0	0	0	0	0	0	0	0
ASV 852 _	0	0	0	0	16	0	0	0	0	0	0	0	0	0	0
ASV 853 _	0	0	0	0	0	14	0	0	0	0	0	0	0	0	2
ASV 854 _	0	0	0	0	0	16	0	0	0	0	0	0	0	0	0
ASV 855 _	0	0	0	0	0	0	16	0	0	0	0	0	0	0	0
ASV 856 _	0	0	0	0	0	0	0	5	0	0	0	0	0	0	11
ASV 857 _	0	0	0	0	0	0	0	16	0	0	0	0	0	0	0
ASV 858 _	0	0	0	0	0	0	0	16	0	0	0	0	0	0	0
ASV 859 _	0	0	0	0	0	0	0	0	0	16	0	0	0	0	0
ASV 860 _	0	0	0	0	0	0	0	0	0	0	16	0	0	0	0
ASV 861 _	0	0	0	0	0	0	0	0	0	0	0	0	16	0	0
ASV 862 _	0	0	0	0	0	0	0	0	0	0	0	0	0	16	0
ASV 863 _	0	0	0	0	0	0	0	0	0	0	0	0	0	0	16
ASV 864 _	10	0	0	0	0	3	0	0	0	0	0	2	0	0	0
ASV 865 _	7	0	0	0	0	0	0	0	0	8	0	0	0	0	0
ASV 866 _	7	0	0	0	0	0	0	0	0	8	0	0	0	0	0
ASV 867 _	0	15	0	0	0	0	0	0	0	0	0	0	0	0	0
ASV 868 _	0	12	0	0	0	0	0	0	0	0	0	0	0	0	3
ASV 869 _	0	15	0	0	0	0	0	0	0	0	0	0	0	0	0
ASV 870 _	0	0	13	0	0	0	0	2	0	0	0	0	0	0	0
ASV 871 _	0	0	0	15	0	0	0	0	0	0	0	0	0	0	0
ASV 872 _	0	0	0	15	0	0	0	0	0	0	0	0	0	0	0
ASV 873 _	0	0	0	11	0	0	0	0	0	4	0	0	0	0	0
ASV 874 _	0	0	0	8	0	0	0	0	0	0	0	0	0	0	7
ASV 875 _	0	0	0	0	15	0	0	0	0	0	0	0	0	0	0
ASV 876 _	0	0	0	0	0	15	0	0	0	0	0	0	0	0	0
ASV 877 _	0	0	0	0	0	0	15	0	0	0	0	0	0	0	0
ASV 878 _	0	0	0	0	0	0	0	15	0	0	0	0	0	0	0
ASV 879 _	0	0	0	0	0	0	0	15	0	0	0	0	0	0	0
ASV 880 _	0	0	0	0	0	0	0	0	0	15	0	0	0	0	0
ASV 881 _	0	0	0	0	0	0	0	0	0	15	0	0	0	0	0
ASV 882 _	0	0	0	0	0	0	0	0	0	15	0	0	0	0	0
ASV 883 _	0	0	0	0	0	0	0	0	0	0	0	15	0	0	0
ASV 884 _	0	0	0	0	0	0	0	0	0	0	0	8	0	0	7
ASV 885 _	0	0	0	0	0	0	0	0	0	0	0	0	15	0	0
ASV 886 _	0	0	0	0	0	0	0	0	0	0	0	0	0	11	4
ASV 887 _	0	0	0	0	0	0	0	0	0	0	0	0	0	15	0
ASV 888 _	0	0	0	0	0	0	0	0	0	0	0	0	0	0	15
ASV 889 _	0	0	0	0	0	0	0	0	0	0	0	0	0	0	15
ASV 890 _	14	0	0	0	0	0	0	0	0	0	0	0	0	0	0
ASV 891 _	14	0	0	0	0	0	0	0	0	0	0	0	0	0	0
ASV 892 _	14	0	0	0	0	0	0	0	0	0	0	0	0	0	0
ASV 893 _	14	0	0	0	0	0	0	0	0	0	0	0	0	0	0
ASV 894 _	14	0	0	0	0	0	0	0	0	0	0	0	0	0	0
ASV 895 _	14	0	0	0	0	0	0	0	0	0	0	0	0	0	0
ASV 896 _	0	14	0	0	0	0	0	0	0	0	0	0	0	0	0
ASV 897 _	0	14	0	0	0	0	0	0	0	0	0	0	0	0	0
ASV 898 _	0	14	0	0	0	0	0	0	0	0	0	0	0	0	0
ASV 899 _	0	6	0	8	0	0	0	0	0	0	0	0	0	0	0
ASV 900 _	0	0	0	14	0	0	0	0	0	0	0	0	0	0	0
ASV 901 _	0	0	0	14	0	0	0	0	0	0	0	0	0	0	0
ASV 902 _	0	0	0	0	14	0	0	0	0	0	0	0	0	0	0
ASV 903 _	0	0	0	0	0	14	0	0	0	0	0	0	0	0	0
ASV 904 _	0	0	0	0	0	0	8	0	0	0	0	6	0	0	0
ASV 905 _	0	0	0	0	0	0	0	0	0	14	0	0	0	0	0
ASV 906 _	0	0	0	0	0	0	0	0	0	0	14	0	0	0	0
ASV 907 _	0	0	0	0	0	0	0	0	0	0	14	0	0	0	0
ASV 908 _	0	0	0	0	0	0	0	0	0	0	0	0	14	0	0
ASV 909 _	0	0	0	0	0	0	0	0	0	0	0	0	14	0	0
ASV 910 _	0	0	0	0	0	0	0	0	0	0	0	0	0	0	14
ASV 911 _	0	0	0	0	0	0	0	0	0	0	0	0	0	0	14
ASV 912 _	0	0	0	0	0	0	0	0	0	0	0	0	0	0	14
ASV 913 _	13	0	0	0	0	0	0	0	0	0	0	0	0	0	0
ASV 914 _	13	0	0	0	0	0	0	0	0	0	0	0	0	0	0
ASV 915 _	13	0	0	0	0	0	0	0	0	0	0	0	0	0	0
ASV 916 _	13	0	0	0	0	0	0	0	0	0	0	0	0	0	0
ASV 917 _	0	9	0	0	0	0	0	0	0	0	0	0	0	0	4
ASV 918 _	0	7	0	0	0	0	0	0	0	6	0	0	0	0	0
ASV 919 _	0	13	0	0	0	0	0	0	0	0	0	0	0	0	0
ASV 920 _	0	13	0	0	0	0	0	0	0	0	0	0	0	0	0
ASV 921 _	0	7	0	6	0	0	0	0	0	0	0	0	0	0	0
ASV 922 _	0	0	0	13	0	0	0	0	0	0	0	0	0	0	0
ASV 923 _	0	0	0	13	0	0	0	0	0	0	0	0	0	0	0
ASV 924 _	0	0	0	8	0	0	0	0	0	5	0	0	0	0	0
ASV 925 _	0	0	0	13	0	0	0	0	0	0	0	0	0	0	0
ASV 926 _	0	0	0	13	0	0	0	0	0	0	0	0	0	0	0
ASV 927 _	0	0	0	0	13	0	0	0	0	0	0	0	0	0	0
ASV 928 _	0	0	0	0	13	0	0	0	0	0	0	0	0	0	0
ASV 929 _	0	0	0	0	0	13	0	0	0	0	0	0	0	0	0
ASV 930 _	0	0	0	0	0	13	0	0	0	0	0	0	0	0	0
ASV 931 _	0	0	0	0	0	0	0	13	0	0	0	0	0	0	0
ASV 932 _	0	0	0	0	0	0	0	13	0	0	0	0	0	0	0
ASV 933 _	0	0	0	0	0	0	0	13	0	0	0	0	0	0	0
ASV 934 _	0	0	0	0	0	0	0	13	0	0	0	0	0	0	0
ASV 935 _	0	0	0	0	0	0	0	6	0	0	0	2	0	5	0
ASV 936 _	0	0	0	0	0	0	0	13	0	0	0	0	0	0	0
ASV 937 _	0	0	0	0	0	0	0	5	0	0	0	0	0	0	8
ASV 938 _	0	0	0	0	0	0	0	0	0	13	0	0	0	0	0
ASV 939 _	0	0	0	0	0	0	0	0	0	0	0	0	13	0	0
ASV 940 _	0	0	0	0	0	0	0	0	0	0	0	0	0	0	13
ASV 941 _	12	0	0	0	0	0	0	0	0	0	0	0	0	0	0
ASV 942 _	12	0	0	0	0	0	0	0	0	0	0	0	0	0	0
ASV 943 _	0	12	0	0	0	0	0	0	0	0	0	0	0	0	0
ASV 944 _	0	12	0	0	0	0	0	0	0	0	0	0	0	0	0
ASV 945 _	0	9	0	0	0	0	0	0	0	0	0	0	3	0	0
ASV 946 _	0	9	0	0	0	0	0	0	0	3	0	0	0	0	0
ASV 947 _	0	0	12	0	0	0	0	0	0	0	0	0	0	0	0
ASV 948 _	0	0	0	12	0	0	0	0	0	0	0	0	0	0	0
ASV 949 _	0	0	0	0	0	12	0	0	0	0	0	0	0	0	0
ASV 950 _	0	0	0	0	0	0	12	0	0	0	0	0	0	0	0
ASV 951 _	0	0	0	0	0	0	0	12	0	0	0	0	0	0	0
ASV 952 _	0	0	0	0	0	0	0	12	0	0	0	0	0	0	0
ASV 953 _	0	0	0	0	0	0	0	12	0	0	0	0	0	0	0
ASV 954 _	0	0	0	0	0	0	0	12	0	0	0	0	0	0	0
ASV 955 _	0	0	0	0	0	0	0	0	12	0	0	0	0	0	0
ASV 956 _	0	0	0	0	0	0	0	0	0	6	0	0	0	6	0
ASV 957 _	0	0	0	0	0	0	0	0	0	7	0	5	0	0	0
ASV 958 _	0	0	0	0	0	0	0	0	0	0	12	0	0	0	0
ASV 959 _	0	0	0	0	0	0	0	0	0	0	0	5	0	7	0
ASV 960 _	0	0	0	0	0	0	0	0	0	0	0	0	12	0	0
ASV 961 _	0	0	0	0	0	0	0	0	0	0	0	0	12	0	0
ASV 962 _	0	0	0	0	0	0	0	0	0	0	0	0	12	0	0
ASV 963 _	0	0	0	0	0	0	0	0	0	0	0	0	0	7	5
ASV 964 _	0	0	0	0	0	0	0	0	0	0	0	0	0	12	0
ASV 965 _	11	0	0	0	0	0	0	0	0	0	0	0	0	0	0
ASV 966 _	11	0	0	0	0	0	0	0	0	0	0	0	0	0	0
ASV 967 _	11	0	0	0	0	0	0	0	0	0	0	0	0	0	0
ASV 968 _	11	0	0	0	0	0	0	0	0	0	0	0	0	0	0
ASV 969 _	11	0	0	0	0	0	0	0	0	0	0	0	0	0	0
ASV 970 _	11	0	0	0	0	0	0	0	0	0	0	0	0	0	0
ASV 971 _	11	0	0	0	0	0	0	0	0	0	0	0	0	0	0
ASV 972 _	0	11	0	0	0	0	0	0	0	0	0	0	0	0	0
ASV 973 _	0	6	0	2	0	0	0	0	0	0	0	0	0	0	3
ASV 974 _	0	11	0	0	0	0	0	0	0	0	0	0	0	0	0
ASV 975 _	0	0	0	11	0	0	0	0	0	0	0	0	0	0	0
ASV 976 _	0	0	0	11	0	0	0	0	0	0	0	0	0	0	0
ASV 977 _	0	0	0	7	0	0	0	0	0	4	0	0	0	0	0
ASV 978 _	0	0	0	11	0	0	0	0	0	0	0	0	0	0	0
ASV 979 _	0	0	0	0	11	0	0	0	0	0	0	0	0	0	0
ASV 980 _	0	0	0	0	0	11	0	0	0	0	0	0	0	0	0
ASV 981 _	0	0	0	0	0	0	11	0	0	0	0	0	0	0	0
ASV 982 _	0	0	0	0	0	0	6	0	0	0	0	5	0	0	0
ASV 983 _	0	0	0	0	0	0	3	0	0	0	7	0	0	0	1
ASV 984 _	0	0	0	0	0	0	11	0	0	0	0	0	0	0	0
ASV 985 _	0	0	0	0	0	0	0	11	0	0	0	0	0	0	0
ASV 986 _	0	0	0	0	0	0	0	0	11	0	0	0	0	0	0
ASV 987 _	0	0	0	0	0	0	0	0	0	11	0	0	0	0	0
ASV 988 _	0	0	0	0	0	0	0	0	0	11	0	0	0	0	0
ASV 989 _	0	0	0	0	0	0	0	0	0	11	0	0	0	0	0
ASV 990 _	0	0	0	0	0	0	0	0	0	0	0	0	11	0	0
ASV 991 _	0	0	0	0	0	0	0	0	0	0	0	0	0	11	0
ASV 992 _	0	0	0	0	0	0	0	0	0	0	0	0	0	0	11
ASV 993 _	0	0	0	0	0	0	0	0	0	0	0	0	0	0	11
ASV 994 _	10	0	0	0	0	0	0	0	0	0	0	0	0	0	0
ASV 995 _	10	0	0	0	0	0	0	0	0	0	0	0	0	0	0
ASV 996 _	10	0	0	0	0	0	0	0	0	0	0	0	0	0	0
ASV 997 _	0	10	0	0	0	0	0	0	0	0	0	0	0	0	0
ASV 998 _	0	10	0	0	0	0	0	0	0	0	0	0	0	0	0
ASV 999 _	0	10	0	0	0	0	0	0	0	0	0	0	0	0	0
ASV 1000 _	0	10	0	0	0	0	0	0	0	0	0	0	0	0	0
ASV 1001 _	0	10	0	0	0	0	0	0	0	0	0	0	0	0	0
ASV 1002 _	0	10	0	0	0	0	0	0	0	0	0	0	0	0	0
ASV 1003 _	0	10	0	0	0	0	0	0	0	0	0	0	0	0	0
ASV 1004 _	0	10	0	0	0	0	0	0	0	0	0	0	0	0	0
ASV 1005 _	0	0	0	10	0	0	0	0	0	0	0	0	0	0	0
ASV 1006 _	0	0	0	10	0	0	0	0	0	0	0	0	0	0	0
ASV 1007 _	0	0	0	10	0	0	0	0	0	0	0	0	0	0	0
ASV 1008 _	0	0	0	10	0	0	0	0	0	0	0	0	0	0	0
ASV 1009 _	0	0	0	10	0	0	0	0	0	0	0	0	0	0	0
ASV 1010 _	0	0	0	0	10	0	0	0	0	0	0	0	0	0	0
ASV 1011 _	0	0	0	0	10	0	0	0	0	0	0	0	0	0	0
ASV 1012 _	0	0	0	0	0	10	0	0	0	0	0	0	0	0	0
ASV 1013 _	0	0	0	0	0	10	0	0	0	0	0	0	0	0	0
ASV 1014 _	0	0	0	0	0	10	0	0	0	0	0	0	0	0	0
ASV 1015 _	0	0	0	0	0	10	0	0	0	0	0	0	0	0	0
ASV 1016 _	0	0	0	0	0	10	0	0	0	0	0	0	0	0	0
ASV 1017 _	0	0	0	0	0	10	0	0	0	0	0	0	0	0	0
ASV 1018 _	0	0	0	0	0	10	0	0	0	0	0	0	0	0	0
ASV 1019 _	0	0	0	0	0	10	0	0	0	0	0	0	0	0	0
ASV 1020 _	0	0	0	0	0	5	0	0	0	5	0	0	0	0	0
ASV 1021 _	0	0	0	0	0	0	10	0	0	0	0	0	0	0	0
ASV 1022 _	0	0	0	0	0	0	10	0	0	0	0	0	0	0	0
ASV 1023 _	0	0	0	0	0	0	0	10	0	0	0	0	0	0	0
ASV 1024 _	0	0	0	0	0	0	0	6	0	0	4	0	0	0	0
ASV 1025 _	0	0	0	0	0	0	0	10	0	0	0	0	0	0	0
ASV 1026 _	0	0	0	0	0	0	0	0	0	10	0	0	0	0	0
ASV 1027 _	0	0	0	0	0	0	0	0	0	10	0	0	0	0	0
ASV 1028 _	0	0	0	0	0	0	0	0	0	10	0	0	0	0	0
ASV 1029 _	0	0	0	0	0	0	0	0	0	0	10	0	0	0	0
ASV 1030 _	0	0	0	0	0	0	0	0	0	0	10	0	0	0	0
ASV 1031 _	0	0	0	0	0	0	0	0	0	0	10	0	0	0	0
ASV 1032 _	0	0	0	0	0	0	0	0	0	0	10	0	0	0	0
ASV 1033 _	0	0	0	0	0	0	0	0	0	0	0	0	10	0	0
ASV 1034 _	0	0	0	0	0	0	0	0	0	0	0	0	10	0	0
ASV 1035 _	0	0	0	0	0	0	0	0	0	0	0	0	10	0	0
ASV 1036 _	0	0	0	0	0	0	0	0	0	0	0	0	10	0	0
ASV 1037 _	0	0	0	0	0	0	0	0	0	0	0	0	10	0	0
ASV 1038 _	0	0	0	0	0	0	0	0	0	0	0	0	0	10	0
ASV 1039 _	0	0	0	0	0	0	0	0	0	0	0	0	0	10	0
ASV 1040 _	0	0	0	0	0	0	0	0	0	0	0	0	0	10	0
ASV 1041 _	0	0	0	0	0	0	0	0	0	0	0	0	0	10	0
ASV 1042 _	9	0	0	0	0	0	0	0	0	0	0	0	0	0	0
ASV 1043 _	9	0	0	0	0	0	0	0	0	0	0	0	0	0	0
ASV 1044 _	5	0	0	0	0	4	0	0	0	0	0	0	0	0	0
ASV 1045 _	9	0	0	0	0	0	0	0	0	0	0	0	0	0	0
ASV 1046 _	9	0	0	0	0	0	0	0	0	0	0	0	0	0	0
ASV 1047 _	9	0	0	0	0	0	0	0	0	0	0	0	0	0	0
ASV 1048 _	0	9	0	0	0	0	0	0	0	0	0	0	0	0	0
ASV 1049 _	0	9	0	0	0	0	0	0	0	0	0	0	0	0	0
ASV 1050 _	0	9	0	0	0	0	0	0	0	0	0	0	0	0	0
ASV 1051 _	0	9	0	0	0	0	0	0	0	0	0	0	0	0	0
ASV 1052 _	0	9	0	0	0	0	0	0	0	0	0	0	0	0	0
ASV 1053 _	0	4	0	0	0	0	0	0	0	5	0	0	0	0	0
ASV 1054 _	0	9	0	0	0	0	0	0	0	0	0	0	0	0	0
ASV 1055 _	0	9	0	0	0	0	0	0	0	0	0	0	0	0	0
ASV 1056 _	0	0	0	9	0	0	0	0	0	0	0	0	0	0	0
ASV 1057 _	0	0	0	7	0	0	0	0	0	0	0	0	0	0	2
ASV 1058 _	0	0	0	9	0	0	0	0	0	0	0	0	0	0	0
ASV 1059 _	0	0	0	9	0	0	0	0	0	0	0	0	0	0	0
ASV 1060 _	0	0	0	9	0	0	0	0	0	0	0	0	0	0	0
ASV 1061 _	0	0	0	0	0	9	0	0	0	0	0	0	0	0	0
ASV 1062 _	0	0	0	0	0	9	0	0	0	0	0	0	0	0	0
ASV 1063 _	0	0	0	0	0	9	0	0	0	0	0	0	0	0	0
ASV 1064 _	0	0	0	0	0	9	0	0	0	0	0	0	0	0	0
ASV 1065 _	0	0	0	0	0	9	0	0	0	0	0	0	0	0	0
ASV 1066 _	0	0	0	0	0	0	9	0	0	0	0	0	0	0	0
ASV 1067 _	0	0	0	0	0	0	9	0	0	0	0	0	0	0	0
ASV 1068 _	0	0	0	0	0	0	9	0	0	0	0	0	0	0	0
ASV 1069 _	0	0	0	0	0	0	9	0	0	0	0	0	0	0	0
ASV 1070 _	0	0	0	0	0	0	0	9	0	0	0	0	0	0	0
ASV 1071 _	0	0	0	0	0	0	0	9	0	0	0	0	0	0	0
ASV 1072 _	0	0	0	0	0	0	0	9	0	0	0	0	0	0	0
ASV 1073 _	0	0	0	0	0	0	0	9	0	0	0	0	0	0	0
ASV 1074 _	0	0	0	0	0	0	0	3	0	0	1	0	5	0	0
ASV 1075 _	0	0	0	0	0	0	0	0	9	0	0	0	0	0	0
ASV 1076 _	0	0	0	0	0	0	0	0	0	9	0	0	0	0	0
ASV 1077 _	0	0	0	0	0	0	0	0	0	9	0	0	0	0	0
ASV 1078 _	0	0	0	0	0	0	0	0	0	9	0	0	0	0	0
ASV 1079 _	0	0	0	0	0	0	0	0	0	9	0	0	0	0	0
ASV 1080 _	0	0	0	0	0	0	0	0	0	9	0	0	0	0	0
ASV 1081 _	0	0	0	0	0	0	0	0	0	3	0	0	0	0	6
ASV 1082 _	0	0	0	0	0	0	0	0	0	9	0	0	0	0	0
ASV 1083 _	0	0	0	0	0	0	0	0	0	0	0	9	0	0	0
ASV 1084 _	0	0	0	0	0	0	0	0	0	0	0	9	0	0	0
ASV 1085 _	0	0	0	0	0	0	0	0	0	0	0	0	9	0	0
ASV 1086 _	0	0	0	0	0	0	0	0	0	0	0	0	9	0	0
ASV 1087 _	0	0	0	0	0	0	0	0	0	0	0	0	9	0	0
ASV 1088 _	0	0	0	0	0	0	0	0	0	0	0	0	0	9	0
ASV 1089 _	0	0	0	0	0	0	0	0	0	0	0	0	0	9	0
ASV 1090 _	0	0	0	0	0	0	0	0	0	0	0	0	0	0	9
ASV 1091 _	0	0	0	0	0	0	0	0	0	0	0	0	0	0	9
ASV 1092 _	8	0	0	0	0	0	0	0	0	0	0	0	0	0	0
ASV 1093 _	8	0	0	0	0	0	0	0	0	0	0	0	0	0	0
ASV 1094 _	8	0	0	0	0	0	0	0	0	0	0	0	0	0	0
ASV 1095 _	0	8	0	0	0	0	0	0	0	0	0	0	0	0	0
ASV 1096 _	0	8	0	0	0	0	0	0	0	0	0	0	0	0	0
ASV 1097 _	0	8	0	0	0	0	0	0	0	0	0	0	0	0	0
ASV 1098 _	0	8	0	0	0	0	0	0	0	0	0	0	0	0	0
ASV 1099 _	0	8	0	0	0	0	0	0	0	0	0	0	0	0	0
ASV 1100 _	0	6	0	0	0	0	0	0	0	2	0	0	0	0	0
ASV 1101 _	0	8	0	0	0	0	0	0	0	0	0	0	0	0	0
ASV 1102 _	0	8	0	0	0	0	0	0	0	0	0	0	0	0	0
ASV 1103 _	0	8	0	0	0	0	0	0	0	0	0	0	0	0	0
ASV 1104 _	0	8	0	0	0	0	0	0	0	0	0	0	0	0	0
ASV 1105 _	0	8	0	0	0	0	0	0	0	0	0	0	0	0	0
ASV 1106 _	0	0	0	8	0	0	0	0	0	0	0	0	0	0	0
ASV 1107 _	0	0	0	8	0	0	0	0	0	0	0	0	0	0	0
ASV 1108 _	0	0	0	0	0	8	0	0	0	0	0	0	0	0	0
ASV 1109 _	0	0	0	0	0	8	0	0	0	0	0	0	0	0	0
ASV 1110 _	0	0	0	0	0	8	0	0	0	0	0	0	0	0	0
ASV 1111 _	0	0	0	0	0	4	0	0	0	0	0	4	0	0	0
ASV 1112 _	0	0	0	0	0	8	0	0	0	0	0	0	0	0	0
ASV 1113 _	0	0	0	0	0	8	0	0	0	0	0	0	0	0	0
ASV 1114 _	0	0	0	0	0	0	8	0	0	0	0	0	0	0	0
ASV 1115 _	0	0	0	0	0	0	8	0	0	0	0	0	0	0	0
ASV 1116 _	0	0	0	0	0	0	0	5	0	0	0	3	0	0	0
ASV 1117 _	0	0	0	0	0	0	0	8	0	0	0	0	0	0	0
ASV 1118 _	0	0	0	0	0	0	0	8	0	0	0	0	0	0	0
ASV 1119 _	0	0	0	0	0	0	0	8	0	0	0	0	0	0	0
ASV 1120 _	0	0	0	0	0	0	0	0	0	8	0	0	0	0	0
ASV 1121 _	0	0	0	0	0	0	0	0	0	8	0	0	0	0	0
ASV 1122 _	0	0	0	0	0	0	0	0	0	8	0	0	0	0	0
ASV 1123 _	0	0	0	0	0	0	0	0	0	8	0	0	0	0	0
ASV 1124 _	0	0	0	0	0	0	0	0	0	8	0	0	0	0	0
ASV 1125 _	0	0	0	0	0	0	0	0	0	8	0	0	0	0	0
ASV 1126 _	0	0	0	0	0	0	0	0	0	8	0	0	0	0	0
ASV 1127 _	0	0	0	0	0	0	0	0	0	8	0	0	0	0	0
ASV 1128 _	0	0	0	0	0	0	0	0	0	8	0	0	0	0	0
ASV 1129 _	0	0	0	0	0	0	0	0	0	8	0	0	0	0	0
ASV 1130 _	0	0	0	0	0	0	0	0	0	8	0	0	0	0	0
ASV 1131 _	0	0	0	0	0	0	0	0	0	0	8	0	0	0	0
ASV 1132 _	0	0	0	0	0	0	0	0	0	0	8	0	0	0	0
ASV 1133 _	0	0	0	0	0	0	0	0	0	0	8	0	0	0	0
ASV 1134 _	0	0	0	0	0	0	0	0	0	0	8	0	0	0	0
ASV 1135 _	0	0	0	0	0	0	0	0	0	0	0	8	0	0	0
ASV 1136 _	0	0	0	0	0	0	0	0	0	0	0	0	8	0	0
ASV 1137 _	0	0	0	0	0	0	0	0	0	0	0	0	8	0	0
ASV 1138 _	0	0	0	0	0	0	0	0	0	0	0	0	8	0	0
ASV 1139 _	0	0	0	0	0	0	0	0	0	0	0	0	8	0	0
ASV 1140 _	0	0	0	0	0	0	0	0	0	0	0	0	0	8	0
ASV 1141 _	0	0	0	0	0	0	0	0	0	0	0	0	0	8	0
ASV 1142 _	0	0	0	0	0	0	0	0	0	0	0	0	0	8	0
ASV 1143 _	0	0	0	0	0	0	0	0	0	0	0	0	0	0	8
ASV 1144 _	0	0	0	0	0	0	0	0	0	0	0	0	0	0	8
ASV 1145 _	7	0	0	0	0	0	0	0	0	0	0	0	0	0	0
ASV 1146 _	1	2	0	4	0	0	0	0	0	0	0	0	0	0	0
ASV 1147 _	7	0	0	0	0	0	0	0	0	0	0	0	0	0	0
ASV 1148 _	7	0	0	0	0	0	0	0	0	0	0	0	0	0	0
ASV 1149 _	7	0	0	0	0	0	0	0	0	0	0	0	0	0	0
ASV 1150 _	7	0	0	0	0	0	0	0	0	0	0	0	0	0	0
ASV 1151 _	7	0	0	0	0	0	0	0	0	0	0	0	0	0	0
ASV 1152 _	0	7	0	0	0	0	0	0	0	0	0	0	0	0	0
ASV 1153 _	0	7	0	0	0	0	0	0	0	0	0	0	0	0	0
ASV 1154 _	0	7	0	0	0	0	0	0	0	0	0	0	0	0	0
ASV 1155 _	0	7	0	0	0	0	0	0	0	0	0	0	0	0	0
ASV 1156 _	0	7	0	0	0	0	0	0	0	0	0	0	0	0	0
ASV 1157 _	0	7	0	0	0	0	0	0	0	0	0	0	0	0	0
ASV 1158 _	0	4	0	3	0	0	0	0	0	0	0	0	0	0	0
ASV 1159 _	0	7	0	0	0	0	0	0	0	0	0	0	0	0	0
ASV 1160 _	0	4	0	0	0	0	0	0	0	0	0	0	0	0	3
ASV 1161 _	0	7	0	0	0	0	0	0	0	0	0	0	0	0	0
ASV 1162 _	0	7	0	0	0	0	0	0	0	0	0	0	0	0	0
ASV 1163 _	0	7	0	0	0	0	0	0	0	0	0	0	0	0	0
ASV 1164 _	0	0	0	7	0	0	0	0	0	0	0	0	0	0	0
ASV 1165 _	0	0	0	7	0	0	0	0	0	0	0	0	0	0	0
ASV 1166 _	0	0	0	7	0	0	0	0	0	0	0	0	0	0	0
ASV 1167 _	0	0	0	7	0	0	0	0	0	0	0	0	0	0	0
ASV 1168 _	0	0	0	7	0	0	0	0	0	0	0	0	0	0	0
ASV 1169 _	0	0	0	7	0	0	0	0	0	0	0	0	0	0	0
ASV 1170 _	0	0	0	7	0	0	0	0	0	0	0	0	0	0	0
ASV 1171 _	0	0	0	7	0	0	0	0	0	0	0	0	0	0	0
ASV 1172 _	0	0	0	0	7	0	0	0	0	0	0	0	0	0	0
ASV 1173 _	0	0	0	0	0	7	0	0	0	0	0	0	0	0	0
ASV 1174 _	0	0	0	0	0	7	0	0	0	0	0	0	0	0	0
ASV 1175 _	0	0	0	0	0	7	0	0	0	0	0	0	0	0	0
ASV 1176 _	0	0	0	0	0	7	0	0	0	0	0	0	0	0	0
ASV 1177 _	0	0	0	0	0	7	0	0	0	0	0	0	0	0	0
ASV 1178 _	0	0	0	0	0	7	0	0	0	0	0	0	0	0	0
ASV 1179 _	0	0	0	0	0	0	0	7	0	0	0	0	0	0	0
ASV 1180 _	0	0	0	0	0	0	0	7	0	0	0	0	0	0	0
ASV 1181 _	0	0	0	0	0	0	0	7	0	0	0	0	0	0	0
ASV 1182 _	0	0	0	0	0	0	0	7	0	0	0	0	0	0	0
ASV 1183 _	0	0	0	0	0	0	0	0	7	0	0	0	0	0	0
ASV 1184 _	0	0	0	0	0	0	0	0	7	0	0	0	0	0	0
ASV 1185 _	0	0	0	0	0	0	0	0	0	7	0	0	0	0	0
ASV 1186 _	0	0	0	0	0	0	0	0	0	7	0	0	0	0	0
ASV 1187 _	0	0	0	0	0	0	0	0	0	7	0	0	0	0	0
ASV 1188 _	0	0	0	0	0	0	0	0	0	7	0	0	0	0	0
ASV 1189 _	0	0	0	0	0	0	0	0	0	7	0	0	0	0	0
ASV 1190 _	0	0	0	0	0	0	0	0	0	0	7	0	0	0	0
ASV 1191 _	0	0	0	0	0	0	0	0	0	0	4	0	0	3	0
ASV 1192 _	0	0	0	0	0	0	0	0	0	0	0	0	7	0	0
ASV 1193 _	0	0	0	0	0	0	0	0	0	0	0	0	5	2	0
ASV 1194 _	0	0	0	0	0	0	0	0	0	0	0	0	7	0	0
ASV 1195 _	0	0	0	0	0	0	0	0	0	0	0	0	0	7	0
ASV 1196 _	0	0	0	0	0	0	0	0	0	0	0	0	0	7	0
ASV 1197 _	0	0	0	0	0	0	0	0	0	0	0	0	0	7	0
ASV 1198 _	0	0	0	0	0	0	0	0	0	0	0	0	0	7	0
ASV 1199 _	0	0	0	0	0	0	0	0	0	0	0	0	0	7	0
ASV 1200 _	0	0	0	0	0	0	0	0	0	0	0	0	0	0	7
ASV 1201 _	0	0	0	0	0	0	0	0	0	0	0	0	0	0	7
ASV 1202 _	0	0	0	0	0	0	0	0	0	0	0	0	0	0	7
ASV 1203 _	0	0	0	0	0	0	0	0	0	0	0	0	0	0	7
ASV 1204 _	6	0	0	0	0	0	0	0	0	0	0	0	0	0	0
ASV 1205 _	6	0	0	0	0	0	0	0	0	0	0	0	0	0	0
ASV 1206 _	6	0	0	0	0	0	0	0	0	0	0	0	0	0	0
ASV 1207 _	6	0	0	0	0	0	0	0	0	0	0	0	0	0	0
ASV 1208 _	6	0	0	0	0	0	0	0	0	0	0	0	0	0	0
ASV 1209 _	0	6	0	0	0	0	0	0	0	0	0	0	0	0	0
ASV 1210 _	0	6	0	0	0	0	0	0	0	0	0	0	0	0	0
ASV 1211 _	0	6	0	0	0	0	0	0	0	0	0	0	0	0	0
ASV 1212 _	0	6	0	0	0	0	0	0	0	0	0	0	0	0	0
ASV 1213 _	0	6	0	0	0	0	0	0	0	0	0	0	0	0	0
ASV 1214 _	0	6	0	0	0	0	0	0	0	0	0	0	0	0	0
ASV 1215 _	0	0	6	0	0	0	0	0	0	0	0	0	0	0	0
ASV 1216 _	0	0	6	0	0	0	0	0	0	0	0	0	0	0	0
ASV 1217 _	0	0	0	6	0	0	0	0	0	0	0	0	0	0	0
ASV 1218 _	0	0	0	6	0	0	0	0	0	0	0	0	0	0	0
ASV 1219 _	0	0	0	6	0	0	0	0	0	0	0	0	0	0	0
ASV 1220 _	0	0	0	6	0	0	0	0	0	0	0	0	0	0	0
ASV 1221 _	0	0	0	0	6	0	0	0	0	0	0	0	0	0	0
ASV 1222 _	0	0	0	0	0	6	0	0	0	0	0	0	0	0	0
ASV 1223 _	0	0	0	0	0	6	0	0	0	0	0	0	0	0	0
ASV 1224 _	0	0	0	0	0	6	0	0	0	0	0	0	0	0	0
ASV 1225 _	0	0	0	0	0	6	0	0	0	0	0	0	0	0	0
ASV 1226 _	0	0	0	0	0	6	0	0	0	0	0	0	0	0	0
ASV 1227 _	0	0	0	0	0	6	0	0	0	0	0	0	0	0	0
ASV 1228 _	0	0	0	0	0	0	6	0	0	0	0	0	0	0	0
ASV 1229 _	0	0	0	0	0	0	0	6	0	0	0	0	0	0	0
ASV 1230 _	0	0	0	0	0	0	0	6	0	0	0	0	0	0	0
ASV 1231 _	0	0	0	0	0	0	0	6	0	0	0	0	0	0	0
ASV 1232 _	0	0	0	0	0	0	0	6	0	0	0	0	0	0	0
ASV 1233 _	0	0	0	0	0	0	0	0	0	6	0	0	0	0	0
ASV 1234 _	0	0	0	0	0	0	0	0	0	6	0	0	0	0	0
ASV 1235 _	0	0	0	0	0	0	0	0	0	6	0	0	0	0	0
ASV 1236 _	0	0	0	0	0	0	0	0	0	6	0	0	0	0	0
ASV 1237 _	0	0	0	0	0	0	0	0	0	6	0	0	0	0	0
ASV 1238 _	0	0	0	0	0	0	0	0	0	6	0	0	0	0	0
ASV 1239 _	0	0	0	0	0	0	0	0	0	6	0	0	0	0	0
ASV 1240 _	0	0	0	0	0	0	0	0	0	6	0	0	0	0	0
ASV 1241 _	0	0	0	0	0	0	0	0	0	0	6	0	0	0	0
ASV 1242 _	0	0	0	0	0	0	0	0	0	0	6	0	0	0	0
ASV 1243 _	0	0	0	0	0	0	0	0	0	0	6	0	0	0	0
ASV 1244 _	0	0	0	0	0	0	0	0	0	0	6	0	0	0	0
ASV 1245 _	0	0	0	0	0	0	0	0	0	0	6	0	0	0	0
ASV 1246 _	0	0	0	0	0	0	0	0	0	0	0	6	0	0	0
ASV 1247 _	0	0	0	0	0	0	0	0	0	0	0	0	6	0	0
ASV 1248 _	0	0	0	0	0	0	0	0	0	0	0	0	6	0	0
ASV 1249 _	0	0	0	0	0	0	0	0	0	0	0	0	6	0	0
ASV 1250 _	0	0	0	0	0	0	0	0	0	0	0	0	6	0	0
ASV 1251 _	0	0	0	0	0	0	0	0	0	0	0	0	6	0	0
ASV 1252 _	0	0	0	0	0	0	0	0	0	0	0	0	0	6	0
ASV 1253 _	0	0	0	0	0	0	0	0	0	0	0	0	0	6	0
ASV 1254 _	0	0	0	0	0	0	0	0	0	0	0	0	0	6	0
ASV 1255 _	0	0	0	0	0	0	0	0	0	0	0	0	0	6	0
ASV 1256 _	0	0	0	0	0	0	0	0	0	0	0	0	0	0	6
ASV 1257 _	5	0	0	0	0	0	0	0	0	0	0	0	0	0	0
ASV 1258 _	5	0	0	0	0	0	0	0	0	0	0	0	0	0	0
ASV 1259 _	5	0	0	0	0	0	0	0	0	0	0	0	0	0	0
ASV 1260 _	0	5	0	0	0	0	0	0	0	0	0	0	0	0	0
ASV 1261 _	0	5	0	0	0	0	0	0	0	0	0	0	0	0	0
ASV 1262 _	0	5	0	0	0	0	0	0	0	0	0	0	0	0	0
ASV 1263 _	0	5	0	0	0	0	0	0	0	0	0	0	0	0	0
ASV 1264 _	0	5	0	0	0	0	0	0	0	0	0	0	0	0	0
ASV 1265 _	0	0	0	5	0	0	0	0	0	0	0	0	0	0	0
ASV 1266 _	0	0	0	5	0	0	0	0	0	0	0	0	0	0	0
ASV 1267 _	0	0	0	5	0	0	0	0	0	0	0	0	0	0	0
ASV 1268 _	0	0	0	3	0	0	0	0	0	2	0	0	0	0	0
ASV 1269 _	0	0	0	5	0	0	0	0	0	0	0	0	0	0	0
ASV 1270 _	0	0	0	5	0	0	0	0	0	0	0	0	0	0	0
ASV 1271 _	0	0	0	5	0	0	0	0	0	0	0	0	0	0	0
ASV 1272 _	0	0	0	5	0	0	0	0	0	0	0	0	0	0	0
ASV 1273 _	0	0	0	5	0	0	0	0	0	0	0	0	0	0	0
ASV 1274 _	0	0	0	0	5	0	0	0	0	0	0	0	0	0	0
ASV 1275 _	0	0	0	0	0	5	0	0	0	0	0	0	0	0	0
ASV 1276 _	0	0	0	0	0	5	0	0	0	0	0	0	0	0	0
ASV 1277 _	0	0	0	0	0	5	0	0	0	0	0	0	0	0	0
ASV 1278 _	0	0	0	0	0	5	0	0	0	0	0	0	0	0	0
ASV 1279 _	0	0	0	0	0	5	0	0	0	0	0	0	0	0	0
ASV 1280 _	0	0	0	0	0	5	0	0	0	0	0	0	0	0	0
ASV 1281 _	0	0	0	0	0	5	0	0	0	0	0	0	0	0	0
ASV 1282 _	0	0	0	0	0	5	0	0	0	0	0	0	0	0	0
ASV 1283 _	0	0	0	0	0	5	0	0	0	0	0	0	0	0	0
ASV 1284 _	0	0	0	0	0	0	5	0	0	0	0	0	0	0	0
ASV 1285 _	0	0	0	0	0	0	5	0	0	0	0	0	0	0	0
ASV 1286 _	0	0	0	0	0	0	5	0	0	0	0	0	0	0	0
ASV 1287 _	0	0	0	0	0	0	0	5	0	0	0	0	0	0	0
ASV 1288 _	0	0	0	0	0	0	0	5	0	0	0	0	0	0	0
ASV 1289 _	0	0	0	0	0	0	0	5	0	0	0	0	0	0	0
ASV 1290 _	0	0	0	0	0	0	0	5	0	0	0	0	0	0	0
ASV 1291 _	0	0	0	0	0	0	0	5	0	0	0	0	0	0	0
ASV 1292 _	0	0	0	0	0	0	0	0	5	0	0	0	0	0	0
ASV 1293 _	0	0	0	0	0	0	0	0	5	0	0	0	0	0	0
ASV 1294 _	0	0	0	0	0	0	0	0	0	5	0	0	0	0	0
ASV 1295 _	0	0	0	0	0	0	0	0	0	5	0	0	0	0	0
ASV 1296 _	0	0	0	0	0	0	0	0	0	5	0	0	0	0	0
ASV 1297 _	0	0	0	0	0	0	0	0	0	5	0	0	0	0	0
ASV 1298 _	0	0	0	0	0	0	0	0	0	5	0	0	0	0	0
ASV 1299 _	0	0	0	0	0	0	0	0	0	5	0	0	0	0	0
ASV 1300 _	0	0	0	0	0	0	0	0	0	5	0	0	0	0	0
ASV 1301 _	0	0	0	0	0	0	0	0	0	5	0	0	0	0	0
ASV 1302 _	0	0	0	0	0	0	0	0	0	5	0	0	0	0	0
ASV 1303 _	0	0	0	0	0	0	0	0	0	5	0	0	0	0	0
ASV 1304 _	0	0	0	0	0	0	0	0	0	5	0	0	0	0	0
ASV 1305 _	0	0	0	0	0	0	0	0	0	5	0	0	0	0	0
ASV 1306 _	0	0	0	0	0	0	0	0	0	5	0	0	0	0	0
ASV 1307 _	0	0	0	0	0	0	0	0	0	5	0	0	0	0	0
ASV 1308 _	0	0	0	0	0	0	0	0	0	5	0	0	0	0	0
ASV 1309 _	0	0	0	0	0	0	0	0	0	5	0	0	0	0	0
ASV 1310 _	0	0	0	0	0	0	0	0	0	5	0	0	0	0	0
ASV 1311 _	0	0	0	0	0	0	0	0	0	5	0	0	0	0	0
ASV 1312 _	0	0	0	0	0	0	0	0	0	0	0	5	0	0	0
ASV 1313 _	0	0	0	0	0	0	0	0	0	0	0	5	0	0	0
ASV 1314 _	0	0	0	0	0	0	0	0	0	0	0	0	5	0	0
ASV 1315 _	0	0	0	0	0	0	0	0	0	0	0	0	5	0	0
ASV 1316 _	0	0	0	0	0	0	0	0	0	0	0	0	5	0	0
ASV 1317 _	0	0	0	0	0	0	0	0	0	0	0	0	2	2	1
ASV 1318 _	0	0	0	0	0	0	0	0	0	0	0	0	5	0	0
ASV 1319 _	0	0	0	0	0	0	0	0	0	0	0	0	0	5	0
ASV 1320 _	0	0	0	0	0	0	0	0	0	0	0	0	0	5	0
ASV 1321 _	0	0	0	0	0	0	0	0	0	0	0	0	0	0	5
ASV 1322 _	0	0	0	0	0	0	0	0	0	0	0	0	0	0	5
ASV 1323 _	0	0	0	0	0	0	0	0	0	0	0	0	0	0	5
ASV 1324 _	0	0	0	0	0	0	0	0	0	0	0	0	0	0	5
ASV 1325 _	0	0	0	0	0	0	0	0	0	0	0	0	0	0	5
ASV 1326 _	4	0	0	0	0	0	0	0	0	0	0	0	0	0	0
ASV 1327 _	4	0	0	0	0	0	0	0	0	0	0	0	0	0	0
ASV 1328 _	4	0	0	0	0	0	0	0	0	0	0	0	0	0	0
ASV 1329 _	4	0	0	0	0	0	0	0	0	0	0	0	0	0	0
ASV 1330 _	0	4	0	0	0	0	0	0	0	0	0	0	0	0	0
ASV 1331 _	0	4	0	0	0	0	0	0	0	0	0	0	0	0	0
ASV 1332 _	0	4	0	0	0	0	0	0	0	0	0	0	0	0	0
ASV 1333 _	0	4	0	0	0	0	0	0	0	0	0	0	0	0	0
ASV 1334 _	0	4	0	0	0	0	0	0	0	0	0	0	0	0	0
ASV 1335 _	0	4	0	0	0	0	0	0	0	0	0	0	0	0	0
ASV 1336 _	0	4	0	0	0	0	0	0	0	0	0	0	0	0	0
ASV 1337 _	0	4	0	0	0	0	0	0	0	0	0	0	0	0	0
ASV 1338 _	0	0	4	0	0	0	0	0	0	0	0	0	0	0	0
ASV 1339 _	0	0	4	0	0	0	0	0	0	0	0	0	0	0	0
ASV 1340 _	0	0	4	0	0	0	0	0	0	0	0	0	0	0	0
ASV 1341 _	0	0	0	4	0	0	0	0	0	0	0	0	0	0	0
ASV 1342 _	0	0	0	4	0	0	0	0	0	0	0	0	0	0	0
ASV 1343 _	0	0	0	4	0	0	0	0	0	0	0	0	0	0	0
ASV 1344 _	0	0	0	4	0	0	0	0	0	0	0	0	0	0	0
ASV 1345 _	0	0	0	4	0	0	0	0	0	0	0	0	0	0	0
ASV 1346 _	0	0	0	0	4	0	0	0	0	0	0	0	0	0	0
ASV 1347 _	0	0	0	0	0	4	0	0	0	0	0	0	0	0	0
ASV 1348 _	0	0	0	0	0	4	0	0	0	0	0	0	0	0	0
ASV 1349 _	0	0	0	0	0	4	0	0	0	0	0	0	0	0	0
ASV 1350 _	0	0	0	0	0	4	0	0	0	0	0	0	0	0	0
ASV 1351 _	0	0	0	0	0	0	4	0	0	0	0	0	0	0	0
ASV 1352 _	0	0	0	0	0	0	4	0	0	0	0	0	0	0	0
ASV 1353 _	0	0	0	0	0	0	4	0	0	0	0	0	0	0	0
ASV 1354 _	0	0	0	0	0	0	4	0	0	0	0	0	0	0	0
ASV 1355 _	0	0	0	0	0	0	2	0	0	0	0	0	0	2	0
ASV 1356 _	0	0	0	0	0	0	4	0	0	0	0	0	0	0	0
ASV 1357 _	0	0	0	0	0	0	0	4	0	0	0	0	0	0	0
ASV 1358 _	0	0	0	0	0	0	0	4	0	0	0	0	0	0	0
ASV 1359 _	0	0	0	0	0	0	0	2	0	0	0	0	2	0	0
ASV 1360 _	0	0	0	0	0	0	0	4	0	0	0	0	0	0	0
ASV 1361 _	0	0	0	0	0	0	0	4	0	0	0	0	0	0	0
ASV 1362 _	0	0	0	0	0	0	0	4	0	0	0	0	0	0	0
ASV 1363 _	0	0	0	0	0	0	0	4	0	0	0	0	0	0	0
ASV 1364 _	0	0	0	0	0	0	0	0	0	4	0	0	0	0	0
ASV 1365 _	0	0	0	0	0	0	0	0	0	4	0	0	0	0	0
ASV 1366 _	0	0	0	0	0	0	0	0	0	4	0	0	0	0	0
ASV 1367 _	0	0	0	0	0	0	0	0	0	4	0	0	0	0	0
ASV 1368 _	0	0	0	0	0	0	0	0	0	4	0	0	0	0	0
ASV 1369 _	0	0	0	0	0	0	0	0	0	4	0	0	0	0	0
ASV 1370 _	0	0	0	0	0	0	0	0	0	4	0	0	0	0	0
ASV 1371 _	0	0	0	0	0	0	0	0	0	4	0	0	0	0	0
ASV 1372 _	0	0	0	0	0	0	0	0	0	4	0	0	0	0	0
ASV 1373 _	0	0	0	0	0	0	0	0	0	4	0	0	0	0	0
ASV 1374 _	0	0	0	0	0	0	0	0	0	4	0	0	0	0	0
ASV 1375 _	0	0	0	0	0	0	0	0	0	4	0	0	0	0	0
ASV 1376 _	0	0	0	0	0	0	0	0	0	4	0	0	0	0	0
ASV 1377 _	0	0	0	0	0	0	0	0	0	4	0	0	0	0	0
ASV 1378 _	0	0	0	0	0	0	0	0	0	4	0	0	0	0	0
ASV 1379 _	0	0	0	0	0	0	0	0	0	0	4	0	0	0	0
ASV 1380 _	0	0	0	0	0	0	0	0	0	0	4	0	0	0	0
ASV 1381 _	0	0	0	0	0	0	0	0	0	0	4	0	0	0	0
ASV 1382 _	0	0	0	0	0	0	0	0	0	0	0	4	0	0	0
ASV 1383 _	0	0	0	0	0	0	0	0	0	0	0	4	0	0	0
ASV 1384 _	0	0	0	0	0	0	0	0	0	0	0	4	0	0	0
ASV 1385 _	0	0	0	0	0	0	0	0	0	0	0	4	0	0	0
ASV 1386 _	0	0	0	0	0	0	0	0	0	0	0	4	0	0	0
ASV 1387 _	0	0	0	0	0	0	0	0	0	0	0	4	0	0	0
ASV 1388 _	0	0	0	0	0	0	0	0	0	0	0	4	0	0	0
ASV 1389 _	0	0	0	0	0	0	0	0	0	0	0	4	0	0	0
ASV 1390 _	0	0	0	0	0	0	0	0	0	0	0	0	4	0	0
ASV 1391 _	0	0	0	0	0	0	0	0	0	0	0	0	0	4	0
ASV 1392 _	0	0	0	0	0	0	0	0	0	0	0	0	0	4	0
ASV 1393 _	0	0	0	0	0	0	0	0	0	0	0	0	0	4	0
ASV 1394 _	0	0	0	0	0	0	0	0	0	0	0	0	0	4	0
ASV 1395 _	0	0	0	0	0	0	0	0	0	0	0	0	0	0	4
ASV 1396 _	0	0	0	0	0	0	0	0	0	0	0	0	0	0	4
ASV 1397 _	0	0	0	0	0	0	0	0	0	0	0	0	0	0	4
ASV 1398 _	0	0	0	0	0	0	0	0	0	0	0	0	0	0	4
ASV 1399 _	3	0	0	0	0	0	0	0	0	0	0	0	0	0	0
ASV 1400 _	3	0	0	0	0	0	0	0	0	0	0	0	0	0	0
ASV 1401 _	3	0	0	0	0	0	0	0	0	0	0	0	0	0	0
ASV 1402 _	3	0	0	0	0	0	0	0	0	0	0	0	0	0	0
ASV 1403 _	0	3	0	0	0	0	0	0	0	0	0	0	0	0	0
ASV 1404 _	0	3	0	0	0	0	0	0	0	0	0	0	0	0	0
ASV 1405 _	0	3	0	0	0	0	0	0	0	0	0	0	0	0	0
ASV 1406 _	0	3	0	0	0	0	0	0	0	0	0	0	0	0	0
ASV 1407 _	0	3	0	0	0	0	0	0	0	0	0	0	0	0	0
ASV 1408 _	0	0	0	3	0	0	0	0	0	0	0	0	0	0	0
ASV 1409 _	0	0	0	3	0	0	0	0	0	0	0	0	0	0	0
ASV 1410 _	0	0	0	3	0	0	0	0	0	0	0	0	0	0	0
ASV 1411 _	0	0	0	3	0	0	0	0	0	0	0	0	0	0	0
ASV 1412 _	0	0	0	3	0	0	0	0	0	0	0	0	0	0	0
ASV 1413 _	0	0	0	0	0	3	0	0	0	0	0	0	0	0	0
ASV 1414 _	0	0	0	0	0	3	0	0	0	0	0	0	0	0	0
ASV 1415 _	0	0	0	0	0	3	0	0	0	0	0	0	0	0	0
ASV 1416 _	0	0	0	0	0	3	0	0	0	0	0	0	0	0	0
ASV 1417 _	0	0	0	0	0	3	0	0	0	0	0	0	0	0	0
ASV 1418 _	0	0	0	0	0	3	0	0	0	0	0	0	0	0	0
ASV 1419 _	0	0	0	0	0	3	0	0	0	0	0	0	0	0	0
ASV 1420 _	0	0	0	0	0	3	0	0	0	0	0	0	0	0	0
ASV 1421 _	0	0	0	0	0	0	3	0	0	0	0	0	0	0	0
ASV 1422 _	0	0	0	0	0	0	3	0	0	0	0	0	0	0	0
ASV 1423 _	0	0	0	0	0	0	3	0	0	0	0	0	0	0	0
ASV 1424 _	0	0	0	0	0	0	0	3	0	0	0	0	0	0	0
ASV 1425 _	0	0	0	0	0	0	0	3	0	0	0	0	0	0	0
ASV 1426 _	0	0	0	0	0	0	0	3	0	0	0	0	0	0	0
ASV 1427 _	0	0	0	0	0	0	0	0	3	0	0	0	0	0	0
ASV 1428 _	0	0	0	0	0	0	0	0	0	3	0	0	0	0	0
ASV 1429 _	0	0	0	0	0	0	0	0	0	3	0	0	0	0	0
ASV 1430 _	0	0	0	0	0	0	0	0	0	3	0	0	0	0	0
ASV 1431 _	0	0	0	0	0	0	0	0	0	3	0	0	0	0	0
ASV 1432 _	0	0	0	0	0	0	0	0	0	3	0	0	0	0	0
ASV 1433 _	0	0	0	0	0	0	0	0	0	3	0	0	0	0	0
ASV 1434 _	0	0	0	0	0	0	0	0	0	3	0	0	0	0	0
ASV 1435 _	0	0	0	0	0	0	0	0	0	3	0	0	0	0	0
ASV 1436 _	0	0	0	0	0	0	0	0	0	3	0	0	0	0	0
ASV 1437 _	0	0	0	0	0	0	0	0	0	3	0	0	0	0	0
ASV 1438 _	0	0	0	0	0	0	0	0	0	3	0	0	0	0	0
ASV 1439 _	0	0	0	0	0	0	0	0	0	3	0	0	0	0	0
ASV 1440 _	0	0	0	0	0	0	0	0	0	3	0	0	0	0	0
ASV 1441 _	0	0	0	0	0	0	0	0	0	3	0	0	0	0	0
ASV 1442 _	0	0	0	0	0	0	0	0	0	3	0	0	0	0	0
ASV 1443 _	0	0	0	0	0	0	0	0	0	3	0	0	0	0	0
ASV 1444 _	0	0	0	0	0	0	0	0	0	3	0	0	0	0	0
ASV 1445 _	0	0	0	0	0	0	0	0	0	0	3	0	0	0	0
ASV 1446 _	0	0	0	0	0	0	0	0	0	0	0	3	0	0	0
ASV 1447 _	0	0	0	0	0	0	0	0	0	0	0	3	0	0	0
ASV 1448 _	0	0	0	0	0	0	0	0	0	0	0	3	0	0	0
ASV 1449 _	0	0	0	0	0	0	0	0	0	0	0	0	3	0	0
ASV 1450 _	0	0	0	0	0	0	0	0	0	0	0	0	3	0	0
ASV 1451 _	0	0	0	0	0	0	0	0	0	0	0	0	3	0	0
ASV 1452 _	0	0	0	0	0	0	0	0	0	0	0	0	0	3	0
ASV 1453 _	0	0	0	0	0	0	0	0	0	0	0	0	0	3	0
ASV 1454 _	0	0	0	0	0	0	0	0	0	0	0	0	0	3	0
ASV 1455 _	0	0	0	0	0	0	0	0	0	0	0	0	0	3	0
ASV 1456 _	0	0	0	0	0	0	0	0	0	0	0	0	0	3	0
ASV 1457 _	0	0	0	0	0	0	0	0	0	0	0	0	0	3	0
ASV 1458 _	0	0	0	0	0	0	0	0	0	0	0	0	0	3	0
ASV 1459 _	0	0	0	0	0	0	0	0	0	0	0	0	0	3	0
ASV 1460 _	0	0	0	0	0	0	0	0	0	0	0	0	0	3	0
ASV 1461 _	0	0	0	0	0	0	0	0	0	0	0	0	0	3	0
ASV 1462 _	0	0	0	0	0	0	0	0	0	0	0	0	0	3	0
ASV 1463 _	0	0	0	0	0	0	0	0	0	0	0	0	0	0	3
ASV 1464 _	0	0	0	0	0	0	0	0	0	0	0	0	0	0	3
ASV 1465 _	0	0	0	0	0	0	0	0	0	0	0	0	0	0	3
ASV 1466 _	0	0	0	0	0	0	0	0	0	0	0	0	0	0	3
ASV 1467 _	0	0	0	0	0	0	0	0	0	0	0	0	0	0	3
ASV 1468 _	2	0	0	0	0	0	0	0	0	0	0	0	0	0	0
ASV 1469 _	2	0	0	0	0	0	0	0	0	0	0	0	0	0	0
ASV 1470 _	2	0	0	0	0	0	0	0	0	0	0	0	0	0	0
ASV 1471 _	2	0	0	0	0	0	0	0	0	0	0	0	0	0	0
ASV 1472 _	0	2	0	0	0	0	0	0	0	0	0	0	0	0	0
ASV 1473 _	0	2	0	0	0	0	0	0	0	0	0	0	0	0	0
ASV 1474 _	0	2	0	0	0	0	0	0	0	0	0	0	0	0	0
ASV 1475 _	0	2	0	0	0	0	0	0	0	0	0	0	0	0	0
ASV 1476 _	0	2	0	0	0	0	0	0	0	0	0	0	0	0	0
ASV 1477 _	0	2	0	0	0	0	0	0	0	0	0	0	0	0	0
ASV 1478 _	0	2	0	0	0	0	0	0	0	0	0	0	0	0	0
ASV 1479 _	0	2	0	0	0	0	0	0	0	0	0	0	0	0	0
ASV 1480 _	0	2	0	0	0	0	0	0	0	0	0	0	0	0	0
ASV 1481 _	0	2	0	0	0	0	0	0	0	0	0	0	0	0	0
ASV 1482 _	0	2	0	0	0	0	0	0	0	0	0	0	0	0	0
ASV 1483 _	0	2	0	0	0	0	0	0	0	0	0	0	0	0	0
ASV 1484 _	0	0	2	0	0	0	0	0	0	0	0	0	0	0	0
ASV 1485 _	0	0	2	0	0	0	0	0	0	0	0	0	0	0	0
ASV 1486 _	0	0	0	2	0	0	0	0	0	0	0	0	0	0	0
ASV 1487 _	0	0	0	2	0	0	0	0	0	0	0	0	0	0	0
ASV 1488 _	0	0	0	2	0	0	0	0	0	0	0	0	0	0	0
ASV 1489 _	0	0	0	2	0	0	0	0	0	0	0	0	0	0	0
ASV 1490 _	0	0	0	2	0	0	0	0	0	0	0	0	0	0	0
ASV 1491 _	0	0	0	2	0	0	0	0	0	0	0	0	0	0	0
ASV 1492 _	0	0	0	2	0	0	0	0	0	0	0	0	0	0	0
ASV 1493 _	0	0	0	0	0	2	0	0	0	0	0	0	0	0	0
ASV 1494 _	0	0	0	0	0	2	0	0	0	0	0	0	0	0	0
ASV 1495 _	0	0	0	0	0	2	0	0	0	0	0	0	0	0	0
ASV 1496 _	0	0	0	0	0	2	0	0	0	0	0	0	0	0	0
ASV 1497 _	0	0	0	0	0	2	0	0	0	0	0	0	0	0	0
ASV 1498 _	0	0	0	0	0	2	0	0	0	0	0	0	0	0	0
ASV 1499 _	0	0	0	0	0	0	2	0	0	0	0	0	0	0	0
ASV 1500 _	0	0	0	0	0	0	2	0	0	0	0	0	0	0	0
ASV 1501 _	0	0	0	0	0	0	0	2	0	0	0	0	0	0	0
ASV 1502 _	0	0	0	0	0	0	0	2	0	0	0	0	0	0	0
ASV 1503 _	0	0	0	0	0	0	0	2	0	0	0	0	0	0	0
ASV 1504 _	0	0	0	0	0	0	0	2	0	0	0	0	0	0	0
ASV 1505 _	0	0	0	0	0	0	0	2	0	0	0	0	0	0	0
ASV 1506 _	0	0	0	0	0	0	0	0	2	0	0	0	0	0	0
ASV 1507 _	0	0	0	0	0	0	0	0	2	0	0	0	0	0	0
ASV 1508 _	0	0	0	0	0	0	0	0	2	0	0	0	0	0	0
ASV 1509 _	0	0	0	0	0	0	0	0	2	0	0	0	0	0	0
ASV 1510 _	0	0	0	0	0	0	0	0	2	0	0	0	0	0	0
ASV 1511 _	0	0	0	0	0	0	0	0	0	2	0	0	0	0	0
ASV 1512 _	0	0	0	0	0	0	0	0	0	2	0	0	0	0	0
ASV 1513 _	0	0	0	0	0	0	0	0	0	2	0	0	0	0	0
ASV 1514 _	0	0	0	0	0	0	0	0	0	2	0	0	0	0	0
ASV 1515 _	0	0	0	0	0	0	0	0	0	2	0	0	0	0	0
ASV 1516 _	0	0	0	0	0	0	0	0	0	0	2	0	0	0	0
ASV 1517 _	0	0	0	0	0	0	0	0	0	0	2	0	0	0	0
ASV 1518 _	0	0	0	0	0	0	0	0	0	0	2	0	0	0	0
ASV 1519 _	0	0	0	0	0	0	0	0	0	0	2	0	0	0	0
ASV 1520 _	0	0	0	0	0	0	0	0	0	0	0	2	0	0	0
ASV 1521 _	0	0	0	0	0	0	0	0	0	0	0	2	0	0	0
ASV 1522 _	0	0	0	0	0	0	0	0	0	0	0	2	0	0	0
ASV 1523 _	0	0	0	0	0	0	0	0	0	0	0	2	0	0	0
ASV 1524 _	0	0	0	0	0	0	0	0	0	0	0	2	0	0	0
ASV 1525 _	0	0	0	0	0	0	0	0	0	0	0	2	0	0	0
ASV 1526 _	0	0	0	0	0	0	0	0	0	0	0	2	0	0	0
ASV 1527 _	0	0	0	0	0	0	0	0	0	0	0	0	2	0	0
ASV 1528 _	0	0	0	0	0	0	0	0	0	0	0	0	2	0	0
ASV 1529 _	0	0	0	0	0	0	0	0	0	0	0	0	0	2	0
ASV 1530 _	0	0	0	0	0	0	0	0	0	0	0	0	0	2	0
ASV 1531 _	0	0	0	0	0	0	0	0	0	0	0	0	0	2	0
ASV 1532 _	0	0	0	0	0	0	0	0	0	0	0	0	0	2	0
ASV 1533 _	0	0	0	0	0	0	0	0	0	0	0	0	0	2	0
ASV 1534 _	0	0	0	0	0	0	0	0	0	0	0	0	0	2	0
ASV 1535 _	0	0	0	0	0	0	0	0	0	0	0	0	0	2	0
ASV 1536 _	0	0	0	0	0	0	0	0	0	0	0	0	0	0	2
ASV 1537 _	0	0	0	0	0	0	0	0	0	0	0	0	0	0	2
ASV 1538 _	0	0	0	0	0	0	0	0	0	0	0	0	0	0	2
ASV 1539 _	0	0	0	0	0	0	0	0	0	0	0	0	0	0	2
ASV 1540 _	0	0	0	0	0	0	0	0	0	0	0	0	0	0	2
